
==== graphrag index FAILED ====
Command: /home/hoang-mai/Desktop/ChatbotMobileStore/venv/bin/python3 -X utf8 -m graphrag index --root data/graphrag/t_869e4ec5_3f10_4dad_9fa9_5dbff4d83bc3 --method fast
Return code: 1
STDOUT:

STDERR:
╭───────────────────── Traceback (most recent call last) ──────────────────────╮
│ /home/hoang-mai/Desktop/ChatbotMobileStore/venv/lib/python3.12/site-packages │
│ /graphrag/cli/main.py:193 in _index_cli                                      │
│                                                                              │
│   190 │   """Build a knowledge graph index."""                               │
│   191 │   from graphrag.cli.index import index_cli                           │
│   192 │                                                                      │
│ ❱ 193 │   index_cli(                                                         │
│   194 │   │   root_dir=root,                                                 │
│   195 │   │   verbose=verbose,                                               │
│   196 │   │   memprofile=memprofile,                                         │
│                                                                              │
│ ╭───────────────────────────────── locals ─────────────────────────────────╮ │
│ │           cache = True                                                   │ │
│ │          config = None                                                   │ │
│ │         dry_run = False                                                  │ │
│ │      memprofile = False                                                  │ │
│ │          method = <IndexingMethod.Fast: 'fast'>                          │ │
│ │          output = None                                                   │ │
│ │            root = PosixPath('/home/hoang-mai/Desktop/ChatbotMobileStore… │ │
│ │ skip_validation = False                                                  │ │
│ │         verbose = False                                                  │ │
│ ╰──────────────────────────────────────────────────────────────────────────╯ │
│                                                                              │
│ /home/hoang-mai/Desktop/ChatbotMobileStore/venv/lib/python3.12/site-packages │
│ /graphrag/cli/index.py:59 in index_cli                                       │
│                                                                              │
│    56 │   │   cli_overrides["output.base_dir"] = str(output_dir)             │
│    57 │   │   cli_overrides["reporting.base_dir"] = str(output_dir)          │
│    58 │   │   cli_overrides["update_index_output.base_dir"] = str(output_dir │
│ ❱  59 │   config = load_config(root_dir, config_filepath, cli_overrides)     │
│    60 │   _run_index(                                                        │
│    61 │   │   config=config,                                                 │
│    62 │   │   method=method,                                                 │
│                                                                              │
│ ╭───────────────────────────────── locals ─────────────────────────────────╮ │
│ │           cache = True                                                   │ │
│ │   cli_overrides = {}                                                     │ │
│ │ config_filepath = None                                                   │ │
│ │         dry_run = False                                                  │ │
│ │      memprofile = False                                                  │ │
│ │          method = <IndexingMethod.Fast: 'fast'>                          │ │
│ │      output_dir = None                                                   │ │
│ │        root_dir = PosixPath('/home/hoang-mai/Desktop/ChatbotMobileStore… │ │
│ │ skip_validation = False                                                  │ │
│ │         verbose = False                                                  │ │
│ ╰──────────────────────────────────────────────────────────────────────────╯ │
│                                                                              │
│ /home/hoang-mai/Desktop/ChatbotMobileStore/venv/lib/python3.12/site-packages │
│ /graphrag/config/load_config.py:187 in load_config                           │
│                                                                              │
│   184 │   _load_dotenv(config_path)                                          │
│   185 │   config_extension = config_path.suffix                              │
│   186 │   config_text = config_path.read_text(encoding="utf-8")              │
│ ❱ 187 │   config_text = _parse_env_variables(config_text)                    │
│   188 │   config_data = _parse(config_extension, config_text)                │
│   189 │   if cli_overrides:                                                  │
│   190 │   │   _apply_overrides(config_data, cli_overrides)                   │
│                                                                              │
│ ╭───────────────────────────────── locals ─────────────────────────────────╮ │
│ │    cli_overrides = {}                                                    │ │
│ │ config_extension = '.yaml'                                               │ │
│ │  config_filepath = None                                                  │ │
│ │      config_path = PosixPath('/home/hoang-mai/Desktop/ChatbotMobileStor… │ │
│ │      config_text = 'models:\n  default_chat_model:\n    type: chat\n     │ │
│ │                    auth_type: api_key\n    api_key:'+2465                │ │
│ │             root = PosixPath('/home/hoang-mai/Desktop/ChatbotMobileStor… │ │
│ │         root_dir = PosixPath('/home/hoang-mai/Desktop/ChatbotMobileStor… │ │
│ ╰──────────────────────────────────────────────────────────────────────────╯ │
│                                                                              │
│ /home/hoang-mai/Desktop/ChatbotMobileStore/venv/lib/python3.12/site-packages │
│ /graphrag/config/load_config.py:67 in _parse_env_variables                   │
│                                                                              │
│    64 │   KeyError                                                           │
│    65 │   │   If an environment variable is not found.                       │
│    66 │   """                                                                │
│ ❱  67 │   return Template(text).substitute(os.environ)                       │
│    68                                                                        │
│    69                                                                        │
│    70 def _load_dotenv(config_path: Path | str) -> None:                     │
│                                                                              │
│ ╭───────────────────────────────── locals ─────────────────────────────────╮ │
│ │ text = 'models:\n  default_chat_model:\n    type: chat\n    auth_type:   │ │
│ │        api_key\n    api_key:'+2465                                       │ │
│ ╰──────────────────────────────────────────────────────────────────────────╯ │
│                                                                              │
│ /usr/lib/python3.12/string.py:121 in substitute                              │
│                                                                              │
│   118 │   │   │   │   self._invalid(mo)                                      │
│   119 │   │   │   raise ValueError('Unrecognized named group in pattern',    │
│   120 │   │   │   │   │   │   │    self.pattern)                             │
│ ❱ 121 │   │   return self.pattern.sub(convert, self.template)                │
│   122 │                                                                      │
│   123 │   def safe_substitute(self, mapping=_sentinel_dict, /, **kws):       │
│   124 │   │   if mapping is _sentinel_dict:                                  │
│                                                                              │
│ ╭───────────────────────────────── locals ─────────────────────────────────╮ │
│ │     kws = {}                                                             │ │
│ │ mapping = environ({                                                      │ │
│ │           │   'SHELL': '/bin/bash',                                      │ │
│ │           │   'SESSION_MANAGER':                                         │ │
│ │           'local/hoang-mai-Inspiron-3470:@/tmp/.ICE-unix/1761,unix/hoan… │ │
│ │           │   'QT_ACCESSIBILITY': '1',                                   │ │
│ │           │   'COLORTERM': 'truecolor',                                  │ │
│ │           │   'XDG_CONFIG_DIRS': '/etc/xdg/xdg-ubuntu-xorg:/etc/xdg',    │ │
│ │           │   'XDG_MENU_PREFIX': 'gnome-',                               │ │
│ │           │   'GNOME_DESKTOP_SESSION_ID': 'this-is-deprecated',          │ │
│ │           │   'GNOME_KEYRING_CONTROL': '/run/user/1000/keyring',         │ │
│ │           │   'LANGUAGE': 'vi:en',                                       │ │
│ │           │   'LC_ADDRESS': 'C.UTF-8',                                   │ │
│ │           │   ... +67                                                    │ │
│ │           })                                                             │ │
│ │    self = <string.Template object at 0x762c58a69a60>                     │ │
│ ╰──────────────────────────────────────────────────────────────────────────╯ │
│                                                                              │
│ /usr/lib/python3.12/string.py:114 in convert                                 │
│                                                                              │
│   111 │   │   │   # Check the most common path first.                        │
│   112 │   │   │   named = mo.group('named') or mo.group('braced')            │
│   113 │   │   │   if named is not None:                                      │
│ ❱ 114 │   │   │   │   return str(mapping[named])                             │
│   115 │   │   │   if mo.group('escaped') is not None:                        │
│   116 │   │   │   │   return self.delimiter                                  │
│   117 │   │   │   if mo.group('invalid') is not None:                        │
│                                                                              │
│ ╭───────────────────────────────── locals ─────────────────────────────────╮ │
│ │ mapping = environ({                                                      │ │
│ │           │   'SHELL': '/bin/bash',                                      │ │
│ │           │   'SESSION_MANAGER':                                         │ │
│ │           'local/hoang-mai-Inspiron-3470:@/tmp/.ICE-unix/1761,unix/hoan… │ │
│ │           │   'QT_ACCESSIBILITY': '1',                                   │ │
│ │           │   'COLORTERM': 'truecolor',                                  │ │
│ │           │   'XDG_CONFIG_DIRS': '/etc/xdg/xdg-ubuntu-xorg:/etc/xdg',    │ │
│ │           │   'XDG_MENU_PREFIX': 'gnome-',                               │ │
│ │           │   'GNOME_DESKTOP_SESSION_ID': 'this-is-deprecated',          │ │
│ │           │   'GNOME_KEYRING_CONTROL': '/run/user/1000/keyring',         │ │
│ │           │   'LANGUAGE': 'vi:en',                                       │ │
│ │           │   'LC_ADDRESS': 'C.UTF-8',                                   │ │
│ │           │   ... +67                                                    │ │
│ │           })                                                             │ │
│ │      mo = <re.Match object; span=(81, 98), match='${GEMINI_API_KEY}'>    │ │
│ │   named = 'GEMINI_API_KEY'                                               │ │
│ │    self = <string.Template object at 0x762c58a69a60>                     │ │
│ ╰──────────────────────────────────────────────────────────────────────────╯ │
│ in __getitem__:685                                                           │
│ ╭───────────────────────────────── locals ─────────────────────────────────╮ │
│ │  key = 'GEMINI_API_KEY'                                                  │ │
│ │ self = environ({                                                         │ │
│ │        │   'SHELL': '/bin/bash',                                         │ │
│ │        │   'SESSION_MANAGER':                                            │ │
│ │        'local/hoang-mai-Inspiron-3470:@/tmp/.ICE-unix/1761,unix/hoang-m… │ │
│ │        │   'QT_ACCESSIBILITY': '1',                                      │ │
│ │        │   'COLORTERM': 'truecolor',                                     │ │
│ │        │   'XDG_CONFIG_DIRS': '/etc/xdg/xdg-ubuntu-xorg:/etc/xdg',       │ │
│ │        │   'XDG_MENU_PREFIX': 'gnome-',                                  │ │
│ │        │   'GNOME_DESKTOP_SESSION_ID': 'this-is-deprecated',             │ │
│ │        │   'GNOME_KEYRING_CONTROL': '/run/user/1000/keyring',            │ │
│ │        │   'LANGUAGE': 'vi:en',                                          │ │
│ │        │   'LC_ADDRESS': 'C.UTF-8',                                      │ │
│ │        │   ... +67                                                       │ │
│ │        })                                                                │ │
│ ╰──────────────────────────────────────────────────────────────────────────╯ │
╰──────────────────────────────────────────────────────────────────────────────╯
KeyError: 'GEMINI_API_KEY'


==== graphrag index FAILED ====
Command: /home/hoang-mai/Desktop/ChatbotMobileStore/venv/bin/python3 -X utf8 -m graphrag index --root data/graphrag/t_869e4ec5_3f10_4dad_9fa9_5dbff4d83bc3 --method fast
Return code: 1
STDOUT:

STDERR:
╭───────────────────── Traceback (most recent call last) ──────────────────────╮
│ /home/hoang-mai/Desktop/ChatbotMobileStore/venv/lib/python3.12/site-packages │
│ /graphrag/cli/main.py:193 in _index_cli                                      │
│                                                                              │
│   190 │   """Build a knowledge graph index."""                               │
│   191 │   from graphrag.cli.index import index_cli                           │
│   192 │                                                                      │
│ ❱ 193 │   index_cli(                                                         │
│   194 │   │   root_dir=root,                                                 │
│   195 │   │   verbose=verbose,                                               │
│   196 │   │   memprofile=memprofile,                                         │
│                                                                              │
│ ╭───────────────────────────────── locals ─────────────────────────────────╮ │
│ │           cache = True                                                   │ │
│ │          config = None                                                   │ │
│ │         dry_run = False                                                  │ │
│ │      memprofile = False                                                  │ │
│ │          method = <IndexingMethod.Fast: 'fast'>                          │ │
│ │          output = None                                                   │ │
│ │            root = PosixPath('/home/hoang-mai/Desktop/ChatbotMobileStore… │ │
│ │ skip_validation = False                                                  │ │
│ │         verbose = False                                                  │ │
│ ╰──────────────────────────────────────────────────────────────────────────╯ │
│                                                                              │
│ /home/hoang-mai/Desktop/ChatbotMobileStore/venv/lib/python3.12/site-packages │
│ /graphrag/cli/index.py:59 in index_cli                                       │
│                                                                              │
│    56 │   │   cli_overrides["output.base_dir"] = str(output_dir)             │
│    57 │   │   cli_overrides["reporting.base_dir"] = str(output_dir)          │
│    58 │   │   cli_overrides["update_index_output.base_dir"] = str(output_dir │
│ ❱  59 │   config = load_config(root_dir, config_filepath, cli_overrides)     │
│    60 │   _run_index(                                                        │
│    61 │   │   config=config,                                                 │
│    62 │   │   method=method,                                                 │
│                                                                              │
│ ╭───────────────────────────────── locals ─────────────────────────────────╮ │
│ │           cache = True                                                   │ │
│ │   cli_overrides = {}                                                     │ │
│ │ config_filepath = None                                                   │ │
│ │         dry_run = False                                                  │ │
│ │      memprofile = False                                                  │ │
│ │          method = <IndexingMethod.Fast: 'fast'>                          │ │
│ │      output_dir = None                                                   │ │
│ │        root_dir = PosixPath('/home/hoang-mai/Desktop/ChatbotMobileStore… │ │
│ │ skip_validation = False                                                  │ │
│ │         verbose = False                                                  │ │
│ ╰──────────────────────────────────────────────────────────────────────────╯ │
│                                                                              │
│ /home/hoang-mai/Desktop/ChatbotMobileStore/venv/lib/python3.12/site-packages │
│ /graphrag/config/load_config.py:187 in load_config                           │
│                                                                              │
│   184 │   _load_dotenv(config_path)                                          │
│   185 │   config_extension = config_path.suffix                              │
│   186 │   config_text = config_path.read_text(encoding="utf-8")              │
│ ❱ 187 │   config_text = _parse_env_variables(config_text)                    │
│   188 │   config_data = _parse(config_extension, config_text)                │
│   189 │   if cli_overrides:                                                  │
│   190 │   │   _apply_overrides(config_data, cli_overrides)                   │
│                                                                              │
│ ╭───────────────────────────────── locals ─────────────────────────────────╮ │
│ │    cli_overrides = {}                                                    │ │
│ │ config_extension = '.yaml'                                               │ │
│ │  config_filepath = None                                                  │ │
│ │      config_path = PosixPath('/home/hoang-mai/Desktop/ChatbotMobileStor… │ │
│ │      config_text = 'models:\n  default_chat_model:\n    type: chat\n     │ │
│ │                    auth_type: api_key\n    api_key:'+2465                │ │
│ │             root = PosixPath('/home/hoang-mai/Desktop/ChatbotMobileStor… │ │
│ │         root_dir = PosixPath('/home/hoang-mai/Desktop/ChatbotMobileStor… │ │
│ ╰──────────────────────────────────────────────────────────────────────────╯ │
│                                                                              │
│ /home/hoang-mai/Desktop/ChatbotMobileStore/venv/lib/python3.12/site-packages │
│ /graphrag/config/load_config.py:67 in _parse_env_variables                   │
│                                                                              │
│    64 │   KeyError                                                           │
│    65 │   │   If an environment variable is not found.                       │
│    66 │   """                                                                │
│ ❱  67 │   return Template(text).substitute(os.environ)                       │
│    68                                                                        │
│    69                                                                        │
│    70 def _load_dotenv(config_path: Path | str) -> None:                     │
│                                                                              │
│ ╭───────────────────────────────── locals ─────────────────────────────────╮ │
│ │ text = 'models:\n  default_chat_model:\n    type: chat\n    auth_type:   │ │
│ │        api_key\n    api_key:'+2465                                       │ │
│ ╰──────────────────────────────────────────────────────────────────────────╯ │
│                                                                              │
│ /usr/lib/python3.12/string.py:121 in substitute                              │
│                                                                              │
│   118 │   │   │   │   self._invalid(mo)                                      │
│   119 │   │   │   raise ValueError('Unrecognized named group in pattern',    │
│   120 │   │   │   │   │   │   │    self.pattern)                             │
│ ❱ 121 │   │   return self.pattern.sub(convert, self.template)                │
│   122 │                                                                      │
│   123 │   def safe_substitute(self, mapping=_sentinel_dict, /, **kws):       │
│   124 │   │   if mapping is _sentinel_dict:                                  │
│                                                                              │
│ ╭───────────────────────────────── locals ─────────────────────────────────╮ │
│ │     kws = {}                                                             │ │
│ │ mapping = environ({                                                      │ │
│ │           │   'SHELL': '/bin/bash',                                      │ │
│ │           │   'SESSION_MANAGER':                                         │ │
│ │           'local/hoang-mai-Inspiron-3470:@/tmp/.ICE-unix/1761,unix/hoan… │ │
│ │           │   'QT_ACCESSIBILITY': '1',                                   │ │
│ │           │   'COLORTERM': 'truecolor',                                  │ │
│ │           │   'XDG_CONFIG_DIRS': '/etc/xdg/xdg-ubuntu-xorg:/etc/xdg',    │ │
│ │           │   'XDG_MENU_PREFIX': 'gnome-',                               │ │
│ │           │   'GNOME_DESKTOP_SESSION_ID': 'this-is-deprecated',          │ │
│ │           │   'GNOME_KEYRING_CONTROL': '/run/user/1000/keyring',         │ │
│ │           │   'LANGUAGE': 'vi:en',                                       │ │
│ │           │   'LC_ADDRESS': 'C.UTF-8',                                   │ │
│ │           │   ... +67                                                    │ │
│ │           })                                                             │ │
│ │    self = <string.Template object at 0x74fb58693860>                     │ │
│ ╰──────────────────────────────────────────────────────────────────────────╯ │
│                                                                              │
│ /usr/lib/python3.12/string.py:114 in convert                                 │
│                                                                              │
│   111 │   │   │   # Check the most common path first.                        │
│   112 │   │   │   named = mo.group('named') or mo.group('braced')            │
│   113 │   │   │   if named is not None:                                      │
│ ❱ 114 │   │   │   │   return str(mapping[named])                             │
│   115 │   │   │   if mo.group('escaped') is not None:                        │
│   116 │   │   │   │   return self.delimiter                                  │
│   117 │   │   │   if mo.group('invalid') is not None:                        │
│                                                                              │
│ ╭───────────────────────────────── locals ─────────────────────────────────╮ │
│ │ mapping = environ({                                                      │ │
│ │           │   'SHELL': '/bin/bash',                                      │ │
│ │           │   'SESSION_MANAGER':                                         │ │
│ │           'local/hoang-mai-Inspiron-3470:@/tmp/.ICE-unix/1761,unix/hoan… │ │
│ │           │   'QT_ACCESSIBILITY': '1',                                   │ │
│ │           │   'COLORTERM': 'truecolor',                                  │ │
│ │           │   'XDG_CONFIG_DIRS': '/etc/xdg/xdg-ubuntu-xorg:/etc/xdg',    │ │
│ │           │   'XDG_MENU_PREFIX': 'gnome-',                               │ │
│ │           │   'GNOME_DESKTOP_SESSION_ID': 'this-is-deprecated',          │ │
│ │           │   'GNOME_KEYRING_CONTROL': '/run/user/1000/keyring',         │ │
│ │           │   'LANGUAGE': 'vi:en',                                       │ │
│ │           │   'LC_ADDRESS': 'C.UTF-8',                                   │ │
│ │           │   ... +67                                                    │ │
│ │           })                                                             │ │
│ │      mo = <re.Match object; span=(81, 98), match='${GEMINI_API_KEY}'>    │ │
│ │   named = 'GEMINI_API_KEY'                                               │ │
│ │    self = <string.Template object at 0x74fb58693860>                     │ │
│ ╰──────────────────────────────────────────────────────────────────────────╯ │
│ in __getitem__:685                                                           │
│ ╭───────────────────────────────── locals ─────────────────────────────────╮ │
│ │  key = 'GEMINI_API_KEY'                                                  │ │
│ │ self = environ({                                                         │ │
│ │        │   'SHELL': '/bin/bash',                                         │ │
│ │        │   'SESSION_MANAGER':                                            │ │
│ │        'local/hoang-mai-Inspiron-3470:@/tmp/.ICE-unix/1761,unix/hoang-m… │ │
│ │        │   'QT_ACCESSIBILITY': '1',                                      │ │
│ │        │   'COLORTERM': 'truecolor',                                     │ │
│ │        │   'XDG_CONFIG_DIRS': '/etc/xdg/xdg-ubuntu-xorg:/etc/xdg',       │ │
│ │        │   'XDG_MENU_PREFIX': 'gnome-',                                  │ │
│ │        │   'GNOME_DESKTOP_SESSION_ID': 'this-is-deprecated',             │ │
│ │        │   'GNOME_KEYRING_CONTROL': '/run/user/1000/keyring',            │ │
│ │        │   'LANGUAGE': 'vi:en',                                          │ │
│ │        │   'LC_ADDRESS': 'C.UTF-8',                                      │ │
│ │        │   ... +67                                                       │ │
│ │        })                                                                │ │
│ ╰──────────────────────────────────────────────────────────────────────────╯ │
╰──────────────────────────────────────────────────────────────────────────────╯
KeyError: 'GEMINI_API_KEY'


==== graphrag index FAILED ====
Command: /home/hoang-mai/Desktop/ChatbotMobileStore/venv/bin/python3 -X utf8 -m graphrag index --root data/graphrag/t_869e4ec5_3f10_4dad_9fa9_5dbff4d83bc3 --method fast
Return code: 1
STDOUT:

STDERR:
╭───────────────────── Traceback (most recent call last) ──────────────────────╮
│ /home/hoang-mai/Desktop/ChatbotMobileStore/venv/lib/python3.12/site-packages │
│ /graphrag/cli/main.py:193 in _index_cli                                      │
│                                                                              │
│   190 │   """Build a knowledge graph index."""                               │
│   191 │   from graphrag.cli.index import index_cli                           │
│   192 │                                                                      │
│ ❱ 193 │   index_cli(                                                         │
│   194 │   │   root_dir=root,                                                 │
│   195 │   │   verbose=verbose,                                               │
│   196 │   │   memprofile=memprofile,                                         │
│                                                                              │
│ ╭───────────────────────────────── locals ─────────────────────────────────╮ │
│ │           cache = True                                                   │ │
│ │          config = None                                                   │ │
│ │         dry_run = False                                                  │ │
│ │      memprofile = False                                                  │ │
│ │          method = <IndexingMethod.Fast: 'fast'>                          │ │
│ │          output = None                                                   │ │
│ │            root = PosixPath('/home/hoang-mai/Desktop/ChatbotMobileStore… │ │
│ │ skip_validation = False                                                  │ │
│ │         verbose = False                                                  │ │
│ ╰──────────────────────────────────────────────────────────────────────────╯ │
│                                                                              │
│ /home/hoang-mai/Desktop/ChatbotMobileStore/venv/lib/python3.12/site-packages │
│ /graphrag/cli/index.py:59 in index_cli                                       │
│                                                                              │
│    56 │   │   cli_overrides["output.base_dir"] = str(output_dir)             │
│    57 │   │   cli_overrides["reporting.base_dir"] = str(output_dir)          │
│    58 │   │   cli_overrides["update_index_output.base_dir"] = str(output_dir │
│ ❱  59 │   config = load_config(root_dir, config_filepath, cli_overrides)     │
│    60 │   _run_index(                                                        │
│    61 │   │   config=config,                                                 │
│    62 │   │   method=method,                                                 │
│                                                                              │
│ ╭───────────────────────────────── locals ─────────────────────────────────╮ │
│ │           cache = True                                                   │ │
│ │   cli_overrides = {}                                                     │ │
│ │ config_filepath = None                                                   │ │
│ │         dry_run = False                                                  │ │
│ │      memprofile = False                                                  │ │
│ │          method = <IndexingMethod.Fast: 'fast'>                          │ │
│ │      output_dir = None                                                   │ │
│ │        root_dir = PosixPath('/home/hoang-mai/Desktop/ChatbotMobileStore… │ │
│ │ skip_validation = False                                                  │ │
│ │         verbose = False                                                  │ │
│ ╰──────────────────────────────────────────────────────────────────────────╯ │
│                                                                              │
│ /home/hoang-mai/Desktop/ChatbotMobileStore/venv/lib/python3.12/site-packages │
│ /graphrag/config/load_config.py:187 in load_config                           │
│                                                                              │
│   184 │   _load_dotenv(config_path)                                          │
│   185 │   config_extension = config_path.suffix                              │
│   186 │   config_text = config_path.read_text(encoding="utf-8")              │
│ ❱ 187 │   config_text = _parse_env_variables(config_text)                    │
│   188 │   config_data = _parse(config_extension, config_text)                │
│   189 │   if cli_overrides:                                                  │
│   190 │   │   _apply_overrides(config_data, cli_overrides)                   │
│                                                                              │
│ ╭───────────────────────────────── locals ─────────────────────────────────╮ │
│ │    cli_overrides = {}                                                    │ │
│ │ config_extension = '.yaml'                                               │ │
│ │  config_filepath = None                                                  │ │
│ │      config_path = PosixPath('/home/hoang-mai/Desktop/ChatbotMobileStor… │ │
│ │      config_text = 'models:\n  default_chat_model:\n    type: chat\n     │ │
│ │                    auth_type: api_key\n    api_key:'+2465                │ │
│ │             root = PosixPath('/home/hoang-mai/Desktop/ChatbotMobileStor… │ │
│ │         root_dir = PosixPath('/home/hoang-mai/Desktop/ChatbotMobileStor… │ │
│ ╰──────────────────────────────────────────────────────────────────────────╯ │
│                                                                              │
│ /home/hoang-mai/Desktop/ChatbotMobileStore/venv/lib/python3.12/site-packages │
│ /graphrag/config/load_config.py:67 in _parse_env_variables                   │
│                                                                              │
│    64 │   KeyError                                                           │
│    65 │   │   If an environment variable is not found.                       │
│    66 │   """                                                                │
│ ❱  67 │   return Template(text).substitute(os.environ)                       │
│    68                                                                        │
│    69                                                                        │
│    70 def _load_dotenv(config_path: Path | str) -> None:                     │
│                                                                              │
│ ╭───────────────────────────────── locals ─────────────────────────────────╮ │
│ │ text = 'models:\n  default_chat_model:\n    type: chat\n    auth_type:   │ │
│ │        api_key\n    api_key:'+2465                                       │ │
│ ╰──────────────────────────────────────────────────────────────────────────╯ │
│                                                                              │
│ /usr/lib/python3.12/string.py:121 in substitute                              │
│                                                                              │
│   118 │   │   │   │   self._invalid(mo)                                      │
│   119 │   │   │   raise ValueError('Unrecognized named group in pattern',    │
│   120 │   │   │   │   │   │   │    self.pattern)                             │
│ ❱ 121 │   │   return self.pattern.sub(convert, self.template)                │
│   122 │                                                                      │
│   123 │   def safe_substitute(self, mapping=_sentinel_dict, /, **kws):       │
│   124 │   │   if mapping is _sentinel_dict:                                  │
│                                                                              │
│ ╭───────────────────────────────── locals ─────────────────────────────────╮ │
│ │     kws = {}                                                             │ │
│ │ mapping = environ({                                                      │ │
│ │           │   'SHELL': '/bin/bash',                                      │ │
│ │           │   'SESSION_MANAGER':                                         │ │
│ │           'local/hoang-mai-Inspiron-3470:@/tmp/.ICE-unix/1761,unix/hoan… │ │
│ │           │   'QT_ACCESSIBILITY': '1',                                   │ │
│ │           │   'COLORTERM': 'truecolor',                                  │ │
│ │           │   'XDG_CONFIG_DIRS': '/etc/xdg/xdg-ubuntu-xorg:/etc/xdg',    │ │
│ │           │   'XDG_MENU_PREFIX': 'gnome-',                               │ │
│ │           │   'GNOME_DESKTOP_SESSION_ID': 'this-is-deprecated',          │ │
│ │           │   'GNOME_KEYRING_CONTROL': '/run/user/1000/keyring',         │ │
│ │           │   'LANGUAGE': 'vi:en',                                       │ │
│ │           │   'LC_ADDRESS': 'C.UTF-8',                                   │ │
│ │           │   ... +67                                                    │ │
│ │           })                                                             │ │
│ │    self = <string.Template object at 0x7806ad8312e0>                     │ │
│ ╰──────────────────────────────────────────────────────────────────────────╯ │
│                                                                              │
│ /usr/lib/python3.12/string.py:114 in convert                                 │
│                                                                              │
│   111 │   │   │   # Check the most common path first.                        │
│   112 │   │   │   named = mo.group('named') or mo.group('braced')            │
│   113 │   │   │   if named is not None:                                      │
│ ❱ 114 │   │   │   │   return str(mapping[named])                             │
│   115 │   │   │   if mo.group('escaped') is not None:                        │
│   116 │   │   │   │   return self.delimiter                                  │
│   117 │   │   │   if mo.group('invalid') is not None:                        │
│                                                                              │
│ ╭───────────────────────────────── locals ─────────────────────────────────╮ │
│ │ mapping = environ({                                                      │ │
│ │           │   'SHELL': '/bin/bash',                                      │ │
│ │           │   'SESSION_MANAGER':                                         │ │
│ │           'local/hoang-mai-Inspiron-3470:@/tmp/.ICE-unix/1761,unix/hoan… │ │
│ │           │   'QT_ACCESSIBILITY': '1',                                   │ │
│ │           │   'COLORTERM': 'truecolor',                                  │ │
│ │           │   'XDG_CONFIG_DIRS': '/etc/xdg/xdg-ubuntu-xorg:/etc/xdg',    │ │
│ │           │   'XDG_MENU_PREFIX': 'gnome-',                               │ │
│ │           │   'GNOME_DESKTOP_SESSION_ID': 'this-is-deprecated',          │ │
│ │           │   'GNOME_KEYRING_CONTROL': '/run/user/1000/keyring',         │ │
│ │           │   'LANGUAGE': 'vi:en',                                       │ │
│ │           │   'LC_ADDRESS': 'C.UTF-8',                                   │ │
│ │           │   ... +67                                                    │ │
│ │           })                                                             │ │
│ │      mo = <re.Match object; span=(81, 98), match='${GEMINI_API_KEY}'>    │ │
│ │   named = 'GEMINI_API_KEY'                                               │ │
│ │    self = <string.Template object at 0x7806ad8312e0>                     │ │
│ ╰──────────────────────────────────────────────────────────────────────────╯ │
│ in __getitem__:685                                                           │
│ ╭───────────────────────────────── locals ─────────────────────────────────╮ │
│ │  key = 'GEMINI_API_KEY'                                                  │ │
│ │ self = environ({                                                         │ │
│ │        │   'SHELL': '/bin/bash',                                         │ │
│ │        │   'SESSION_MANAGER':                                            │ │
│ │        'local/hoang-mai-Inspiron-3470:@/tmp/.ICE-unix/1761,unix/hoang-m… │ │
│ │        │   'QT_ACCESSIBILITY': '1',                                      │ │
│ │        │   'COLORTERM': 'truecolor',                                     │ │
│ │        │   'XDG_CONFIG_DIRS': '/etc/xdg/xdg-ubuntu-xorg:/etc/xdg',       │ │
│ │        │   'XDG_MENU_PREFIX': 'gnome-',                                  │ │
│ │        │   'GNOME_DESKTOP_SESSION_ID': 'this-is-deprecated',             │ │
│ │        │   'GNOME_KEYRING_CONTROL': '/run/user/1000/keyring',            │ │
│ │        │   'LANGUAGE': 'vi:en',                                          │ │
│ │        │   'LC_ADDRESS': 'C.UTF-8',                                      │ │
│ │        │   ... +67                                                       │ │
│ │        })                                                                │ │
│ ╰──────────────────────────────────────────────────────────────────────────╯ │
╰──────────────────────────────────────────────────────────────────────────────╯
KeyError: 'GEMINI_API_KEY'


==== graphrag index FAILED ====
Command: /home/hoang-mai/Desktop/ChatbotMobileStore/venv/bin/python3 -X utf8 -m graphrag index --root data/graphrag/t_869e4ec5_3f10_4dad_9fa9_5dbff4d83bc3 --method fast
Return code: 1
STDOUT:

STDERR:
╭───────────────────── Traceback (most recent call last) ──────────────────────╮
│ /home/hoang-mai/Desktop/ChatbotMobileStore/venv/lib/python3.12/site-packages │
│ /graphrag/cli/main.py:193 in _index_cli                                      │
│                                                                              │
│   190 │   """Build a knowledge graph index."""                               │
│   191 │   from graphrag.cli.index import index_cli                           │
│   192 │                                                                      │
│ ❱ 193 │   index_cli(                                                         │
│   194 │   │   root_dir=root,                                                 │
│   195 │   │   verbose=verbose,                                               │
│   196 │   │   memprofile=memprofile,                                         │
│                                                                              │
│ ╭───────────────────────────────── locals ─────────────────────────────────╮ │
│ │           cache = True                                                   │ │
│ │          config = None                                                   │ │
│ │         dry_run = False                                                  │ │
│ │      memprofile = False                                                  │ │
│ │          method = <IndexingMethod.Fast: 'fast'>                          │ │
│ │          output = None                                                   │ │
│ │            root = PosixPath('/home/hoang-mai/Desktop/ChatbotMobileStore… │ │
│ │ skip_validation = False                                                  │ │
│ │         verbose = False                                                  │ │
│ ╰──────────────────────────────────────────────────────────────────────────╯ │
│                                                                              │
│ /home/hoang-mai/Desktop/ChatbotMobileStore/venv/lib/python3.12/site-packages │
│ /graphrag/cli/index.py:59 in index_cli                                       │
│                                                                              │
│    56 │   │   cli_overrides["output.base_dir"] = str(output_dir)             │
│    57 │   │   cli_overrides["reporting.base_dir"] = str(output_dir)          │
│    58 │   │   cli_overrides["update_index_output.base_dir"] = str(output_dir │
│ ❱  59 │   config = load_config(root_dir, config_filepath, cli_overrides)     │
│    60 │   _run_index(                                                        │
│    61 │   │   config=config,                                                 │
│    62 │   │   method=method,                                                 │
│                                                                              │
│ ╭───────────────────────────────── locals ─────────────────────────────────╮ │
│ │           cache = True                                                   │ │
│ │   cli_overrides = {}                                                     │ │
│ │ config_filepath = None                                                   │ │
│ │         dry_run = False                                                  │ │
│ │      memprofile = False                                                  │ │
│ │          method = <IndexingMethod.Fast: 'fast'>                          │ │
│ │      output_dir = None                                                   │ │
│ │        root_dir = PosixPath('/home/hoang-mai/Desktop/ChatbotMobileStore… │ │
│ │ skip_validation = False                                                  │ │
│ │         verbose = False                                                  │ │
│ ╰──────────────────────────────────────────────────────────────────────────╯ │
│                                                                              │
│ /home/hoang-mai/Desktop/ChatbotMobileStore/venv/lib/python3.12/site-packages │
│ /graphrag/config/load_config.py:187 in load_config                           │
│                                                                              │
│   184 │   _load_dotenv(config_path)                                          │
│   185 │   config_extension = config_path.suffix                              │
│   186 │   config_text = config_path.read_text(encoding="utf-8")              │
│ ❱ 187 │   config_text = _parse_env_variables(config_text)                    │
│   188 │   config_data = _parse(config_extension, config_text)                │
│   189 │   if cli_overrides:                                                  │
│   190 │   │   _apply_overrides(config_data, cli_overrides)                   │
│                                                                              │
│ ╭───────────────────────────────── locals ─────────────────────────────────╮ │
│ │    cli_overrides = {}                                                    │ │
│ │ config_extension = '.yaml'                                               │ │
│ │  config_filepath = None                                                  │ │
│ │      config_path = PosixPath('/home/hoang-mai/Desktop/ChatbotMobileStor… │ │
│ │      config_text = 'models:\n  default_chat_model:\n    type: chat\n     │ │
│ │                    auth_type: api_key\n    api_key:'+2465                │ │
│ │             root = PosixPath('/home/hoang-mai/Desktop/ChatbotMobileStor… │ │
│ │         root_dir = PosixPath('/home/hoang-mai/Desktop/ChatbotMobileStor… │ │
│ ╰──────────────────────────────────────────────────────────────────────────╯ │
│                                                                              │
│ /home/hoang-mai/Desktop/ChatbotMobileStore/venv/lib/python3.12/site-packages │
│ /graphrag/config/load_config.py:67 in _parse_env_variables                   │
│                                                                              │
│    64 │   KeyError                                                           │
│    65 │   │   If an environment variable is not found.                       │
│    66 │   """                                                                │
│ ❱  67 │   return Template(text).substitute(os.environ)                       │
│    68                                                                        │
│    69                                                                        │
│    70 def _load_dotenv(config_path: Path | str) -> None:                     │
│                                                                              │
│ ╭───────────────────────────────── locals ─────────────────────────────────╮ │
│ │ text = 'models:\n  default_chat_model:\n    type: chat\n    auth_type:   │ │
│ │        api_key\n    api_key:'+2465                                       │ │
│ ╰──────────────────────────────────────────────────────────────────────────╯ │
│                                                                              │
│ /usr/lib/python3.12/string.py:121 in substitute                              │
│                                                                              │
│   118 │   │   │   │   self._invalid(mo)                                      │
│   119 │   │   │   raise ValueError('Unrecognized named group in pattern',    │
│   120 │   │   │   │   │   │   │    self.pattern)                             │
│ ❱ 121 │   │   return self.pattern.sub(convert, self.template)                │
│   122 │                                                                      │
│   123 │   def safe_substitute(self, mapping=_sentinel_dict, /, **kws):       │
│   124 │   │   if mapping is _sentinel_dict:                                  │
│                                                                              │
│ ╭───────────────────────────────── locals ─────────────────────────────────╮ │
│ │     kws = {}                                                             │ │
│ │ mapping = environ({                                                      │ │
│ │           │   'SHELL': '/bin/bash',                                      │ │
│ │           │   'SESSION_MANAGER':                                         │ │
│ │           'local/hoang-mai-Inspiron-3470:@/tmp/.ICE-unix/1761,unix/hoan… │ │
│ │           │   'QT_ACCESSIBILITY': '1',                                   │ │
│ │           │   'COLORTERM': 'truecolor',                                  │ │
│ │           │   'XDG_CONFIG_DIRS': '/etc/xdg/xdg-ubuntu-xorg:/etc/xdg',    │ │
│ │           │   'XDG_MENU_PREFIX': 'gnome-',                               │ │
│ │           │   'GNOME_DESKTOP_SESSION_ID': 'this-is-deprecated',          │ │
│ │           │   'GNOME_KEYRING_CONTROL': '/run/user/1000/keyring',         │ │
│ │           │   'LANGUAGE': 'vi:en',                                       │ │
│ │           │   'LC_ADDRESS': 'C.UTF-8',                                   │ │
│ │           │   ... +67                                                    │ │
│ │           })                                                             │ │
│ │    self = <string.Template object at 0x7aaa2a2bf260>                     │ │
│ ╰──────────────────────────────────────────────────────────────────────────╯ │
│                                                                              │
│ /usr/lib/python3.12/string.py:114 in convert                                 │
│                                                                              │
│   111 │   │   │   # Check the most common path first.                        │
│   112 │   │   │   named = mo.group('named') or mo.group('braced')            │
│   113 │   │   │   if named is not None:                                      │
│ ❱ 114 │   │   │   │   return str(mapping[named])                             │
│   115 │   │   │   if mo.group('escaped') is not None:                        │
│   116 │   │   │   │   return self.delimiter                                  │
│   117 │   │   │   if mo.group('invalid') is not None:                        │
│                                                                              │
│ ╭───────────────────────────────── locals ─────────────────────────────────╮ │
│ │ mapping = environ({                                                      │ │
│ │           │   'SHELL': '/bin/bash',                                      │ │
│ │           │   'SESSION_MANAGER':                                         │ │
│ │           'local/hoang-mai-Inspiron-3470:@/tmp/.ICE-unix/1761,unix/hoan… │ │
│ │           │   'QT_ACCESSIBILITY': '1',                                   │ │
│ │           │   'COLORTERM': 'truecolor',                                  │ │
│ │           │   'XDG_CONFIG_DIRS': '/etc/xdg/xdg-ubuntu-xorg:/etc/xdg',    │ │
│ │           │   'XDG_MENU_PREFIX': 'gnome-',                               │ │
│ │           │   'GNOME_DESKTOP_SESSION_ID': 'this-is-deprecated',          │ │
│ │           │   'GNOME_KEYRING_CONTROL': '/run/user/1000/keyring',         │ │
│ │           │   'LANGUAGE': 'vi:en',                                       │ │
│ │           │   'LC_ADDRESS': 'C.UTF-8',                                   │ │
│ │           │   ... +67                                                    │ │
│ │           })                                                             │ │
│ │      mo = <re.Match object; span=(81, 98), match='${GEMINI_API_KEY}'>    │ │
│ │   named = 'GEMINI_API_KEY'                                               │ │
│ │    self = <string.Template object at 0x7aaa2a2bf260>                     │ │
│ ╰──────────────────────────────────────────────────────────────────────────╯ │
│ in __getitem__:685                                                           │
│ ╭───────────────────────────────── locals ─────────────────────────────────╮ │
│ │  key = 'GEMINI_API_KEY'                                                  │ │
│ │ self = environ({                                                         │ │
│ │        │   'SHELL': '/bin/bash',                                         │ │
│ │        │   'SESSION_MANAGER':                                            │ │
│ │        'local/hoang-mai-Inspiron-3470:@/tmp/.ICE-unix/1761,unix/hoang-m… │ │
│ │        │   'QT_ACCESSIBILITY': '1',                                      │ │
│ │        │   'COLORTERM': 'truecolor',                                     │ │
│ │        │   'XDG_CONFIG_DIRS': '/etc/xdg/xdg-ubuntu-xorg:/etc/xdg',       │ │
│ │        │   'XDG_MENU_PREFIX': 'gnome-',                                  │ │
│ │        │   'GNOME_DESKTOP_SESSION_ID': 'this-is-deprecated',             │ │
│ │        │   'GNOME_KEYRING_CONTROL': '/run/user/1000/keyring',            │ │
│ │        │   'LANGUAGE': 'vi:en',                                          │ │
│ │        │   'LC_ADDRESS': 'C.UTF-8',                                      │ │
│ │        │   ... +67                                                       │ │
│ │        })                                                                │ │
│ ╰──────────────────────────────────────────────────────────────────────────╯ │
╰──────────────────────────────────────────────────────────────────────────────╯
KeyError: 'GEMINI_API_KEY'


==== graphrag index FAILED ====
Command: /home/hoang-mai/Desktop/ChatbotMobileStore/venv/bin/python3 -X utf8 -m graphrag index --root data/graphrag/t_869e4ec5_3f10_4dad_9fa9_5dbff4d83bc3 --method fast
Return code: 1
STDOUT:

STDERR:
╭───────────────────── Traceback (most recent call last) ──────────────────────╮
│ /home/hoang-mai/Desktop/ChatbotMobileStore/venv/lib/python3.12/site-packages │
│ /graphrag/cli/main.py:193 in _index_cli                                      │
│                                                                              │
│   190 │   """Build a knowledge graph index."""                               │
│   191 │   from graphrag.cli.index import index_cli                           │
│   192 │                                                                      │
│ ❱ 193 │   index_cli(                                                         │
│   194 │   │   root_dir=root,                                                 │
│   195 │   │   verbose=verbose,                                               │
│   196 │   │   memprofile=memprofile,                                         │
│                                                                              │
│ ╭───────────────────────────────── locals ─────────────────────────────────╮ │
│ │           cache = True                                                   │ │
│ │          config = None                                                   │ │
│ │         dry_run = False                                                  │ │
│ │      memprofile = False                                                  │ │
│ │          method = <IndexingMethod.Fast: 'fast'>                          │ │
│ │          output = None                                                   │ │
│ │            root = PosixPath('/home/hoang-mai/Desktop/ChatbotMobileStore… │ │
│ │ skip_validation = False                                                  │ │
│ │         verbose = False                                                  │ │
│ ╰──────────────────────────────────────────────────────────────────────────╯ │
│                                                                              │
│ /home/hoang-mai/Desktop/ChatbotMobileStore/venv/lib/python3.12/site-packages │
│ /graphrag/cli/index.py:59 in index_cli                                       │
│                                                                              │
│    56 │   │   cli_overrides["output.base_dir"] = str(output_dir)             │
│    57 │   │   cli_overrides["reporting.base_dir"] = str(output_dir)          │
│    58 │   │   cli_overrides["update_index_output.base_dir"] = str(output_dir │
│ ❱  59 │   config = load_config(root_dir, config_filepath, cli_overrides)     │
│    60 │   _run_index(                                                        │
│    61 │   │   config=config,                                                 │
│    62 │   │   method=method,                                                 │
│                                                                              │
│ ╭───────────────────────────────── locals ─────────────────────────────────╮ │
│ │           cache = True                                                   │ │
│ │   cli_overrides = {}                                                     │ │
│ │ config_filepath = None                                                   │ │
│ │         dry_run = False                                                  │ │
│ │      memprofile = False                                                  │ │
│ │          method = <IndexingMethod.Fast: 'fast'>                          │ │
│ │      output_dir = None                                                   │ │
│ │        root_dir = PosixPath('/home/hoang-mai/Desktop/ChatbotMobileStore… │ │
│ │ skip_validation = False                                                  │ │
│ │         verbose = False                                                  │ │
│ ╰──────────────────────────────────────────────────────────────────────────╯ │
│                                                                              │
│ /home/hoang-mai/Desktop/ChatbotMobileStore/venv/lib/python3.12/site-packages │
│ /graphrag/config/load_config.py:187 in load_config                           │
│                                                                              │
│   184 │   _load_dotenv(config_path)                                          │
│   185 │   config_extension = config_path.suffix                              │
│   186 │   config_text = config_path.read_text(encoding="utf-8")              │
│ ❱ 187 │   config_text = _parse_env_variables(config_text)                    │
│   188 │   config_data = _parse(config_extension, config_text)                │
│   189 │   if cli_overrides:                                                  │
│   190 │   │   _apply_overrides(config_data, cli_overrides)                   │
│                                                                              │
│ ╭───────────────────────────────── locals ─────────────────────────────────╮ │
│ │    cli_overrides = {}                                                    │ │
│ │ config_extension = '.yaml'                                               │ │
│ │  config_filepath = None                                                  │ │
│ │      config_path = PosixPath('/home/hoang-mai/Desktop/ChatbotMobileStor… │ │
│ │      config_text = 'models:\n  default_chat_model:\n    type: chat\n     │ │
│ │                    auth_type: api_key\n    api_key:'+2465                │ │
│ │             root = PosixPath('/home/hoang-mai/Desktop/ChatbotMobileStor… │ │
│ │         root_dir = PosixPath('/home/hoang-mai/Desktop/ChatbotMobileStor… │ │
│ ╰──────────────────────────────────────────────────────────────────────────╯ │
│                                                                              │
│ /home/hoang-mai/Desktop/ChatbotMobileStore/venv/lib/python3.12/site-packages │
│ /graphrag/config/load_config.py:67 in _parse_env_variables                   │
│                                                                              │
│    64 │   KeyError                                                           │
│    65 │   │   If an environment variable is not found.                       │
│    66 │   """                                                                │
│ ❱  67 │   return Template(text).substitute(os.environ)                       │
│    68                                                                        │
│    69                                                                        │
│    70 def _load_dotenv(config_path: Path | str) -> None:                     │
│                                                                              │
│ ╭───────────────────────────────── locals ─────────────────────────────────╮ │
│ │ text = 'models:\n  default_chat_model:\n    type: chat\n    auth_type:   │ │
│ │        api_key\n    api_key:'+2465                                       │ │
│ ╰──────────────────────────────────────────────────────────────────────────╯ │
│                                                                              │
│ /usr/lib/python3.12/string.py:121 in substitute                              │
│                                                                              │
│   118 │   │   │   │   self._invalid(mo)                                      │
│   119 │   │   │   raise ValueError('Unrecognized named group in pattern',    │
│   120 │   │   │   │   │   │   │    self.pattern)                             │
│ ❱ 121 │   │   return self.pattern.sub(convert, self.template)                │
│   122 │                                                                      │
│   123 │   def safe_substitute(self, mapping=_sentinel_dict, /, **kws):       │
│   124 │   │   if mapping is _sentinel_dict:                                  │
│                                                                              │
│ ╭───────────────────────────────── locals ─────────────────────────────────╮ │
│ │     kws = {}                                                             │ │
│ │ mapping = environ({                                                      │ │
│ │           │   'SHELL': '/bin/bash',                                      │ │
│ │           │   'SESSION_MANAGER':                                         │ │
│ │           'local/hoang-mai-Inspiron-3470:@/tmp/.ICE-unix/1761,unix/hoan… │ │
│ │           │   'QT_ACCESSIBILITY': '1',                                   │ │
│ │           │   'COLORTERM': 'truecolor',                                  │ │
│ │           │   'XDG_CONFIG_DIRS': '/etc/xdg/xdg-ubuntu-xorg:/etc/xdg',    │ │
│ │           │   'XDG_MENU_PREFIX': 'gnome-',                               │ │
│ │           │   'GNOME_DESKTOP_SESSION_ID': 'this-is-deprecated',          │ │
│ │           │   'GNOME_KEYRING_CONTROL': '/run/user/1000/keyring',         │ │
│ │           │   'LANGUAGE': 'vi:en',                                       │ │
│ │           │   'LC_ADDRESS': 'C.UTF-8',                                   │ │
│ │           │   ... +67                                                    │ │
│ │           })                                                             │ │
│ │    self = <string.Template object at 0x73eb1ea91a60>                     │ │
│ ╰──────────────────────────────────────────────────────────────────────────╯ │
│                                                                              │
│ /usr/lib/python3.12/string.py:114 in convert                                 │
│                                                                              │
│   111 │   │   │   # Check the most common path first.                        │
│   112 │   │   │   named = mo.group('named') or mo.group('braced')            │
│   113 │   │   │   if named is not None:                                      │
│ ❱ 114 │   │   │   │   return str(mapping[named])                             │
│   115 │   │   │   if mo.group('escaped') is not None:                        │
│   116 │   │   │   │   return self.delimiter                                  │
│   117 │   │   │   if mo.group('invalid') is not None:                        │
│                                                                              │
│ ╭───────────────────────────────── locals ─────────────────────────────────╮ │
│ │ mapping = environ({                                                      │ │
│ │           │   'SHELL': '/bin/bash',                                      │ │
│ │           │   'SESSION_MANAGER':                                         │ │
│ │           'local/hoang-mai-Inspiron-3470:@/tmp/.ICE-unix/1761,unix/hoan… │ │
│ │           │   'QT_ACCESSIBILITY': '1',                                   │ │
│ │           │   'COLORTERM': 'truecolor',                                  │ │
│ │           │   'XDG_CONFIG_DIRS': '/etc/xdg/xdg-ubuntu-xorg:/etc/xdg',    │ │
│ │           │   'XDG_MENU_PREFIX': 'gnome-',                               │ │
│ │           │   'GNOME_DESKTOP_SESSION_ID': 'this-is-deprecated',          │ │
│ │           │   'GNOME_KEYRING_CONTROL': '/run/user/1000/keyring',         │ │
│ │           │   'LANGUAGE': 'vi:en',                                       │ │
│ │           │   'LC_ADDRESS': 'C.UTF-8',                                   │ │
│ │           │   ... +67                                                    │ │
│ │           })                                                             │ │
│ │      mo = <re.Match object; span=(81, 98), match='${GEMINI_API_KEY}'>    │ │
│ │   named = 'GEMINI_API_KEY'                                               │ │
│ │    self = <string.Template object at 0x73eb1ea91a60>                     │ │
│ ╰──────────────────────────────────────────────────────────────────────────╯ │
│ in __getitem__:685                                                           │
│ ╭───────────────────────────────── locals ─────────────────────────────────╮ │
│ │  key = 'GEMINI_API_KEY'                                                  │ │
│ │ self = environ({                                                         │ │
│ │        │   'SHELL': '/bin/bash',                                         │ │
│ │        │   'SESSION_MANAGER':                                            │ │
│ │        'local/hoang-mai-Inspiron-3470:@/tmp/.ICE-unix/1761,unix/hoang-m… │ │
│ │        │   'QT_ACCESSIBILITY': '1',                                      │ │
│ │        │   'COLORTERM': 'truecolor',                                     │ │
│ │        │   'XDG_CONFIG_DIRS': '/etc/xdg/xdg-ubuntu-xorg:/etc/xdg',       │ │
│ │        │   'XDG_MENU_PREFIX': 'gnome-',                                  │ │
│ │        │   'GNOME_DESKTOP_SESSION_ID': 'this-is-deprecated',             │ │
│ │        │   'GNOME_KEYRING_CONTROL': '/run/user/1000/keyring',            │ │
│ │        │   'LANGUAGE': 'vi:en',                                          │ │
│ │        │   'LC_ADDRESS': 'C.UTF-8',                                      │ │
│ │        │   ... +67                                                       │ │
│ │        })                                                                │ │
│ ╰──────────────────────────────────────────────────────────────────────────╯ │
╰──────────────────────────────────────────────────────────────────────────────╯
KeyError: 'GEMINI_API_KEY'


==== graphrag index FAILED ====
Command: /home/hoang-mai/Desktop/ChatbotMobileStore/venv/bin/python3 -X utf8 -m graphrag index --root data/graphrag/t_869e4ec5_3f10_4dad_9fa9_5dbff4d83bc3 --method fast
Return code: 1
STDOUT:

STDERR:
╭───────────────────── Traceback (most recent call last) ──────────────────────╮
│ /home/hoang-mai/Desktop/ChatbotMobileStore/venv/lib/python3.12/site-packages │
│ /graphrag/cli/main.py:193 in _index_cli                                      │
│                                                                              │
│   190 │   """Build a knowledge graph index."""                               │
│   191 │   from graphrag.cli.index import index_cli                           │
│   192 │                                                                      │
│ ❱ 193 │   index_cli(                                                         │
│   194 │   │   root_dir=root,                                                 │
│   195 │   │   verbose=verbose,                                               │
│   196 │   │   memprofile=memprofile,                                         │
│                                                                              │
│ ╭───────────────────────────────── locals ─────────────────────────────────╮ │
│ │           cache = True                                                   │ │
│ │          config = None                                                   │ │
│ │         dry_run = False                                                  │ │
│ │      memprofile = False                                                  │ │
│ │          method = <IndexingMethod.Fast: 'fast'>                          │ │
│ │          output = None                                                   │ │
│ │            root = PosixPath('/home/hoang-mai/Desktop/ChatbotMobileStore… │ │
│ │ skip_validation = False                                                  │ │
│ │         verbose = False                                                  │ │
│ ╰──────────────────────────────────────────────────────────────────────────╯ │
│                                                                              │
│ /home/hoang-mai/Desktop/ChatbotMobileStore/venv/lib/python3.12/site-packages │
│ /graphrag/cli/index.py:59 in index_cli                                       │
│                                                                              │
│    56 │   │   cli_overrides["output.base_dir"] = str(output_dir)             │
│    57 │   │   cli_overrides["reporting.base_dir"] = str(output_dir)          │
│    58 │   │   cli_overrides["update_index_output.base_dir"] = str(output_dir │
│ ❱  59 │   config = load_config(root_dir, config_filepath, cli_overrides)     │
│    60 │   _run_index(                                                        │
│    61 │   │   config=config,                                                 │
│    62 │   │   method=method,                                                 │
│                                                                              │
│ ╭───────────────────────────────── locals ─────────────────────────────────╮ │
│ │           cache = True                                                   │ │
│ │   cli_overrides = {}                                                     │ │
│ │ config_filepath = None                                                   │ │
│ │         dry_run = False                                                  │ │
│ │      memprofile = False                                                  │ │
│ │          method = <IndexingMethod.Fast: 'fast'>                          │ │
│ │      output_dir = None                                                   │ │
│ │        root_dir = PosixPath('/home/hoang-mai/Desktop/ChatbotMobileStore… │ │
│ │ skip_validation = False                                                  │ │
│ │         verbose = False                                                  │ │
│ ╰──────────────────────────────────────────────────────────────────────────╯ │
│                                                                              │
│ /home/hoang-mai/Desktop/ChatbotMobileStore/venv/lib/python3.12/site-packages │
│ /graphrag/config/load_config.py:187 in load_config                           │
│                                                                              │
│   184 │   _load_dotenv(config_path)                                          │
│   185 │   config_extension = config_path.suffix                              │
│   186 │   config_text = config_path.read_text(encoding="utf-8")              │
│ ❱ 187 │   config_text = _parse_env_variables(config_text)                    │
│   188 │   config_data = _parse(config_extension, config_text)                │
│   189 │   if cli_overrides:                                                  │
│   190 │   │   _apply_overrides(config_data, cli_overrides)                   │
│                                                                              │
│ ╭───────────────────────────────── locals ─────────────────────────────────╮ │
│ │    cli_overrides = {}                                                    │ │
│ │ config_extension = '.yaml'                                               │ │
│ │  config_filepath = None                                                  │ │
│ │      config_path = PosixPath('/home/hoang-mai/Desktop/ChatbotMobileStor… │ │
│ │      config_text = 'models:\n  default_chat_model:\n    type: chat\n     │ │
│ │                    auth_type: api_key\n    api_key:'+2465                │ │
│ │             root = PosixPath('/home/hoang-mai/Desktop/ChatbotMobileStor… │ │
│ │         root_dir = PosixPath('/home/hoang-mai/Desktop/ChatbotMobileStor… │ │
│ ╰──────────────────────────────────────────────────────────────────────────╯ │
│                                                                              │
│ /home/hoang-mai/Desktop/ChatbotMobileStore/venv/lib/python3.12/site-packages │
│ /graphrag/config/load_config.py:67 in _parse_env_variables                   │
│                                                                              │
│    64 │   KeyError                                                           │
│    65 │   │   If an environment variable is not found.                       │
│    66 │   """                                                                │
│ ❱  67 │   return Template(text).substitute(os.environ)                       │
│    68                                                                        │
│    69                                                                        │
│    70 def _load_dotenv(config_path: Path | str) -> None:                     │
│                                                                              │
│ ╭───────────────────────────────── locals ─────────────────────────────────╮ │
│ │ text = 'models:\n  default_chat_model:\n    type: chat\n    auth_type:   │ │
│ │        api_key\n    api_key:'+2465                                       │ │
│ ╰──────────────────────────────────────────────────────────────────────────╯ │
│                                                                              │
│ /usr/lib/python3.12/string.py:121 in substitute                              │
│                                                                              │
│   118 │   │   │   │   self._invalid(mo)                                      │
│   119 │   │   │   raise ValueError('Unrecognized named group in pattern',    │
│   120 │   │   │   │   │   │   │    self.pattern)                             │
│ ❱ 121 │   │   return self.pattern.sub(convert, self.template)                │
│   122 │                                                                      │
│   123 │   def safe_substitute(self, mapping=_sentinel_dict, /, **kws):       │
│   124 │   │   if mapping is _sentinel_dict:                                  │
│                                                                              │
│ ╭───────────────────────────────── locals ─────────────────────────────────╮ │
│ │     kws = {}                                                             │ │
│ │ mapping = environ({                                                      │ │
│ │           │   'SHELL': '/bin/bash',                                      │ │
│ │           │   'SESSION_MANAGER':                                         │ │
│ │           'local/hoang-mai-Inspiron-3470:@/tmp/.ICE-unix/1761,unix/hoan… │ │
│ │           │   'QT_ACCESSIBILITY': '1',                                   │ │
│ │           │   'COLORTERM': 'truecolor',                                  │ │
│ │           │   'XDG_CONFIG_DIRS': '/etc/xdg/xdg-ubuntu-xorg:/etc/xdg',    │ │
│ │           │   'XDG_MENU_PREFIX': 'gnome-',                               │ │
│ │           │   'GNOME_DESKTOP_SESSION_ID': 'this-is-deprecated',          │ │
│ │           │   'GNOME_KEYRING_CONTROL': '/run/user/1000/keyring',         │ │
│ │           │   'LANGUAGE': 'vi:en',                                       │ │
│ │           │   'LC_ADDRESS': 'C.UTF-8',                                   │ │
│ │           │   ... +67                                                    │ │
│ │           })                                                             │ │
│ │    self = <string.Template object at 0x7e458f1ae840>                     │ │
│ ╰──────────────────────────────────────────────────────────────────────────╯ │
│                                                                              │
│ /usr/lib/python3.12/string.py:114 in convert                                 │
│                                                                              │
│   111 │   │   │   # Check the most common path first.                        │
│   112 │   │   │   named = mo.group('named') or mo.group('braced')            │
│   113 │   │   │   if named is not None:                                      │
│ ❱ 114 │   │   │   │   return str(mapping[named])                             │
│   115 │   │   │   if mo.group('escaped') is not None:                        │
│   116 │   │   │   │   return self.delimiter                                  │
│   117 │   │   │   if mo.group('invalid') is not None:                        │
│                                                                              │
│ ╭───────────────────────────────── locals ─────────────────────────────────╮ │
│ │ mapping = environ({                                                      │ │
│ │           │   'SHELL': '/bin/bash',                                      │ │
│ │           │   'SESSION_MANAGER':                                         │ │
│ │           'local/hoang-mai-Inspiron-3470:@/tmp/.ICE-unix/1761,unix/hoan… │ │
│ │           │   'QT_ACCESSIBILITY': '1',                                   │ │
│ │           │   'COLORTERM': 'truecolor',                                  │ │
│ │           │   'XDG_CONFIG_DIRS': '/etc/xdg/xdg-ubuntu-xorg:/etc/xdg',    │ │
│ │           │   'XDG_MENU_PREFIX': 'gnome-',                               │ │
│ │           │   'GNOME_DESKTOP_SESSION_ID': 'this-is-deprecated',          │ │
│ │           │   'GNOME_KEYRING_CONTROL': '/run/user/1000/keyring',         │ │
│ │           │   'LANGUAGE': 'vi:en',                                       │ │
│ │           │   'LC_ADDRESS': 'C.UTF-8',                                   │ │
│ │           │   ... +67                                                    │ │
│ │           })                                                             │ │
│ │      mo = <re.Match object; span=(81, 98), match='${GEMINI_API_KEY}'>    │ │
│ │   named = 'GEMINI_API_KEY'                                               │ │
│ │    self = <string.Template object at 0x7e458f1ae840>                     │ │
│ ╰──────────────────────────────────────────────────────────────────────────╯ │
│ in __getitem__:685                                                           │
│ ╭───────────────────────────────── locals ─────────────────────────────────╮ │
│ │  key = 'GEMINI_API_KEY'                                                  │ │
│ │ self = environ({                                                         │ │
│ │        │   'SHELL': '/bin/bash',                                         │ │
│ │        │   'SESSION_MANAGER':                                            │ │
│ │        'local/hoang-mai-Inspiron-3470:@/tmp/.ICE-unix/1761,unix/hoang-m… │ │
│ │        │   'QT_ACCESSIBILITY': '1',                                      │ │
│ │        │   'COLORTERM': 'truecolor',                                     │ │
│ │        │   'XDG_CONFIG_DIRS': '/etc/xdg/xdg-ubuntu-xorg:/etc/xdg',       │ │
│ │        │   'XDG_MENU_PREFIX': 'gnome-',                                  │ │
│ │        │   'GNOME_DESKTOP_SESSION_ID': 'this-is-deprecated',             │ │
│ │        │   'GNOME_KEYRING_CONTROL': '/run/user/1000/keyring',            │ │
│ │        │   'LANGUAGE': 'vi:en',                                          │ │
│ │        │   'LC_ADDRESS': 'C.UTF-8',                                      │ │
│ │        │   ... +67                                                       │ │
│ │        })                                                                │ │
│ ╰──────────────────────────────────────────────────────────────────────────╯ │
╰──────────────────────────────────────────────────────────────────────────────╯
KeyError: 'GEMINI_API_KEY'


==== graphrag index FAILED ====
Command: /home/hoang-mai/Desktop/ChatbotMobileStore/venv/bin/python3 -X utf8 -m graphrag index --root data/graphrag/t_869e4ec5_3f10_4dad_9fa9_5dbff4d83bc3 --method fast
Return code: 1
STDOUT:

STDERR:
╭───────────────────── Traceback (most recent call last) ──────────────────────╮
│ /home/hoang-mai/Desktop/ChatbotMobileStore/venv/lib/python3.12/site-packages │
│ /graphrag/cli/main.py:193 in _index_cli                                      │
│                                                                              │
│   190 │   """Build a knowledge graph index."""                               │
│   191 │   from graphrag.cli.index import index_cli                           │
│   192 │                                                                      │
│ ❱ 193 │   index_cli(                                                         │
│   194 │   │   root_dir=root,                                                 │
│   195 │   │   verbose=verbose,                                               │
│   196 │   │   memprofile=memprofile,                                         │
│                                                                              │
│ ╭───────────────────────────────── locals ─────────────────────────────────╮ │
│ │           cache = True                                                   │ │
│ │          config = None                                                   │ │
│ │         dry_run = False                                                  │ │
│ │      memprofile = False                                                  │ │
│ │          method = <IndexingMethod.Fast: 'fast'>                          │ │
│ │          output = None                                                   │ │
│ │            root = PosixPath('/home/hoang-mai/Desktop/ChatbotMobileStore… │ │
│ │ skip_validation = False                                                  │ │
│ │         verbose = False                                                  │ │
│ ╰──────────────────────────────────────────────────────────────────────────╯ │
│                                                                              │
│ /home/hoang-mai/Desktop/ChatbotMobileStore/venv/lib/python3.12/site-packages │
│ /graphrag/cli/index.py:59 in index_cli                                       │
│                                                                              │
│    56 │   │   cli_overrides["output.base_dir"] = str(output_dir)             │
│    57 │   │   cli_overrides["reporting.base_dir"] = str(output_dir)          │
│    58 │   │   cli_overrides["update_index_output.base_dir"] = str(output_dir │
│ ❱  59 │   config = load_config(root_dir, config_filepath, cli_overrides)     │
│    60 │   _run_index(                                                        │
│    61 │   │   config=config,                                                 │
│    62 │   │   method=method,                                                 │
│                                                                              │
│ ╭───────────────────────────────── locals ─────────────────────────────────╮ │
│ │           cache = True                                                   │ │
│ │   cli_overrides = {}                                                     │ │
│ │ config_filepath = None                                                   │ │
│ │         dry_run = False                                                  │ │
│ │      memprofile = False                                                  │ │
│ │          method = <IndexingMethod.Fast: 'fast'>                          │ │
│ │      output_dir = None                                                   │ │
│ │        root_dir = PosixPath('/home/hoang-mai/Desktop/ChatbotMobileStore… │ │
│ │ skip_validation = False                                                  │ │
│ │         verbose = False                                                  │ │
│ ╰──────────────────────────────────────────────────────────────────────────╯ │
│                                                                              │
│ /home/hoang-mai/Desktop/ChatbotMobileStore/venv/lib/python3.12/site-packages │
│ /graphrag/config/load_config.py:187 in load_config                           │
│                                                                              │
│   184 │   _load_dotenv(config_path)                                          │
│   185 │   config_extension = config_path.suffix                              │
│   186 │   config_text = config_path.read_text(encoding="utf-8")              │
│ ❱ 187 │   config_text = _parse_env_variables(config_text)                    │
│   188 │   config_data = _parse(config_extension, config_text)                │
│   189 │   if cli_overrides:                                                  │
│   190 │   │   _apply_overrides(config_data, cli_overrides)                   │
│                                                                              │
│ ╭───────────────────────────────── locals ─────────────────────────────────╮ │
│ │    cli_overrides = {}                                                    │ │
│ │ config_extension = '.yaml'                                               │ │
│ │  config_filepath = None                                                  │ │
│ │      config_path = PosixPath('/home/hoang-mai/Desktop/ChatbotMobileStor… │ │
│ │      config_text = 'models:\n  default_chat_model:\n    type: chat\n     │ │
│ │                    auth_type: api_key\n    api_key:'+2465                │ │
│ │             root = PosixPath('/home/hoang-mai/Desktop/ChatbotMobileStor… │ │
│ │         root_dir = PosixPath('/home/hoang-mai/Desktop/ChatbotMobileStor… │ │
│ ╰──────────────────────────────────────────────────────────────────────────╯ │
│                                                                              │
│ /home/hoang-mai/Desktop/ChatbotMobileStore/venv/lib/python3.12/site-packages │
│ /graphrag/config/load_config.py:67 in _parse_env_variables                   │
│                                                                              │
│    64 │   KeyError                                                           │
│    65 │   │   If an environment variable is not found.                       │
│    66 │   """                                                                │
│ ❱  67 │   return Template(text).substitute(os.environ)                       │
│    68                                                                        │
│    69                                                                        │
│    70 def _load_dotenv(config_path: Path | str) -> None:                     │
│                                                                              │
│ ╭───────────────────────────────── locals ─────────────────────────────────╮ │
│ │ text = 'models:\n  default_chat_model:\n    type: chat\n    auth_type:   │ │
│ │        api_key\n    api_key:'+2465                                       │ │
│ ╰──────────────────────────────────────────────────────────────────────────╯ │
│                                                                              │
│ /usr/lib/python3.12/string.py:121 in substitute                              │
│                                                                              │
│   118 │   │   │   │   self._invalid(mo)                                      │
│   119 │   │   │   raise ValueError('Unrecognized named group in pattern',    │
│   120 │   │   │   │   │   │   │    self.pattern)                             │
│ ❱ 121 │   │   return self.pattern.sub(convert, self.template)                │
│   122 │                                                                      │
│   123 │   def safe_substitute(self, mapping=_sentinel_dict, /, **kws):       │
│   124 │   │   if mapping is _sentinel_dict:                                  │
│                                                                              │
│ ╭───────────────────────────────── locals ─────────────────────────────────╮ │
│ │     kws = {}                                                             │ │
│ │ mapping = environ({                                                      │ │
│ │           │   'SHELL': '/bin/bash',                                      │ │
│ │           │   'SESSION_MANAGER':                                         │ │
│ │           'local/hoang-mai-Inspiron-3470:@/tmp/.ICE-unix/1761,unix/hoan… │ │
│ │           │   'QT_ACCESSIBILITY': '1',                                   │ │
│ │           │   'COLORTERM': 'truecolor',                                  │ │
│ │           │   'XDG_CONFIG_DIRS': '/etc/xdg/xdg-ubuntu-xorg:/etc/xdg',    │ │
│ │           │   'XDG_MENU_PREFIX': 'gnome-',                               │ │
│ │           │   'GNOME_DESKTOP_SESSION_ID': 'this-is-deprecated',          │ │
│ │           │   'GNOME_KEYRING_CONTROL': '/run/user/1000/keyring',         │ │
│ │           │   'LANGUAGE': 'vi:en',                                       │ │
│ │           │   'LC_ADDRESS': 'C.UTF-8',                                   │ │
│ │           │   ... +67                                                    │ │
│ │           })                                                             │ │
│ │    self = <string.Template object at 0x7ec767a420f0>                     │ │
│ ╰──────────────────────────────────────────────────────────────────────────╯ │
│                                                                              │
│ /usr/lib/python3.12/string.py:114 in convert                                 │
│                                                                              │
│   111 │   │   │   # Check the most common path first.                        │
│   112 │   │   │   named = mo.group('named') or mo.group('braced')            │
│   113 │   │   │   if named is not None:                                      │
│ ❱ 114 │   │   │   │   return str(mapping[named])                             │
│   115 │   │   │   if mo.group('escaped') is not None:                        │
│   116 │   │   │   │   return self.delimiter                                  │
│   117 │   │   │   if mo.group('invalid') is not None:                        │
│                                                                              │
│ ╭───────────────────────────────── locals ─────────────────────────────────╮ │
│ │ mapping = environ({                                                      │ │
│ │           │   'SHELL': '/bin/bash',                                      │ │
│ │           │   'SESSION_MANAGER':                                         │ │
│ │           'local/hoang-mai-Inspiron-3470:@/tmp/.ICE-unix/1761,unix/hoan… │ │
│ │           │   'QT_ACCESSIBILITY': '1',                                   │ │
│ │           │   'COLORTERM': 'truecolor',                                  │ │
│ │           │   'XDG_CONFIG_DIRS': '/etc/xdg/xdg-ubuntu-xorg:/etc/xdg',    │ │
│ │           │   'XDG_MENU_PREFIX': 'gnome-',                               │ │
│ │           │   'GNOME_DESKTOP_SESSION_ID': 'this-is-deprecated',          │ │
│ │           │   'GNOME_KEYRING_CONTROL': '/run/user/1000/keyring',         │ │
│ │           │   'LANGUAGE': 'vi:en',                                       │ │
│ │           │   'LC_ADDRESS': 'C.UTF-8',                                   │ │
│ │           │   ... +67                                                    │ │
│ │           })                                                             │ │
│ │      mo = <re.Match object; span=(81, 98), match='${GEMINI_API_KEY}'>    │ │
│ │   named = 'GEMINI_API_KEY'                                               │ │
│ │    self = <string.Template object at 0x7ec767a420f0>                     │ │
│ ╰──────────────────────────────────────────────────────────────────────────╯ │
│ in __getitem__:685                                                           │
│ ╭───────────────────────────────── locals ─────────────────────────────────╮ │
│ │  key = 'GEMINI_API_KEY'                                                  │ │
│ │ self = environ({                                                         │ │
│ │        │   'SHELL': '/bin/bash',                                         │ │
│ │        │   'SESSION_MANAGER':                                            │ │
│ │        'local/hoang-mai-Inspiron-3470:@/tmp/.ICE-unix/1761,unix/hoang-m… │ │
│ │        │   'QT_ACCESSIBILITY': '1',                                      │ │
│ │        │   'COLORTERM': 'truecolor',                                     │ │
│ │        │   'XDG_CONFIG_DIRS': '/etc/xdg/xdg-ubuntu-xorg:/etc/xdg',       │ │
│ │        │   'XDG_MENU_PREFIX': 'gnome-',                                  │ │
│ │        │   'GNOME_DESKTOP_SESSION_ID': 'this-is-deprecated',             │ │
│ │        │   'GNOME_KEYRING_CONTROL': '/run/user/1000/keyring',            │ │
│ │        │   'LANGUAGE': 'vi:en',                                          │ │
│ │        │   'LC_ADDRESS': 'C.UTF-8',                                      │ │
│ │        │   ... +67                                                       │ │
│ │        })                                                                │ │
│ ╰──────────────────────────────────────────────────────────────────────────╯ │
╰──────────────────────────────────────────────────────────────────────────────╯
KeyError: 'GEMINI_API_KEY'


==== graphrag index FAILED ====
Command: /home/hoang-mai/Desktop/ChatbotMobileStore/venv/bin/python3 -X utf8 -m graphrag index --root data/graphrag/t_869e4ec5_3f10_4dad_9fa9_5dbff4d83bc3 --method fast
Return code: 1
STDOUT:

STDERR:
╭───────────────────── Traceback (most recent call last) ──────────────────────╮
│ /home/hoang-mai/Desktop/ChatbotMobileStore/venv/lib/python3.12/site-packages │
│ /graphrag/cli/main.py:193 in _index_cli                                      │
│                                                                              │
│   190 │   """Build a knowledge graph index."""                               │
│   191 │   from graphrag.cli.index import index_cli                           │
│   192 │                                                                      │
│ ❱ 193 │   index_cli(                                                         │
│   194 │   │   root_dir=root,                                                 │
│   195 │   │   verbose=verbose,                                               │
│   196 │   │   memprofile=memprofile,                                         │
│                                                                              │
│ ╭───────────────────────────────── locals ─────────────────────────────────╮ │
│ │           cache = True                                                   │ │
│ │          config = None                                                   │ │
│ │         dry_run = False                                                  │ │
│ │      memprofile = False                                                  │ │
│ │          method = <IndexingMethod.Fast: 'fast'>                          │ │
│ │          output = None                                                   │ │
│ │            root = PosixPath('/home/hoang-mai/Desktop/ChatbotMobileStore… │ │
│ │ skip_validation = False                                                  │ │
│ │         verbose = False                                                  │ │
│ ╰──────────────────────────────────────────────────────────────────────────╯ │
│                                                                              │
│ /home/hoang-mai/Desktop/ChatbotMobileStore/venv/lib/python3.12/site-packages │
│ /graphrag/cli/index.py:59 in index_cli                                       │
│                                                                              │
│    56 │   │   cli_overrides["output.base_dir"] = str(output_dir)             │
│    57 │   │   cli_overrides["reporting.base_dir"] = str(output_dir)          │
│    58 │   │   cli_overrides["update_index_output.base_dir"] = str(output_dir │
│ ❱  59 │   config = load_config(root_dir, config_filepath, cli_overrides)     │
│    60 │   _run_index(                                                        │
│    61 │   │   config=config,                                                 │
│    62 │   │   method=method,                                                 │
│                                                                              │
│ ╭───────────────────────────────── locals ─────────────────────────────────╮ │
│ │           cache = True                                                   │ │
│ │   cli_overrides = {}                                                     │ │
│ │ config_filepath = None                                                   │ │
│ │         dry_run = False                                                  │ │
│ │      memprofile = False                                                  │ │
│ │          method = <IndexingMethod.Fast: 'fast'>                          │ │
│ │      output_dir = None                                                   │ │
│ │        root_dir = PosixPath('/home/hoang-mai/Desktop/ChatbotMobileStore… │ │
│ │ skip_validation = False                                                  │ │
│ │         verbose = False                                                  │ │
│ ╰──────────────────────────────────────────────────────────────────────────╯ │
│                                                                              │
│ /home/hoang-mai/Desktop/ChatbotMobileStore/venv/lib/python3.12/site-packages │
│ /graphrag/config/load_config.py:187 in load_config                           │
│                                                                              │
│   184 │   _load_dotenv(config_path)                                          │
│   185 │   config_extension = config_path.suffix                              │
│   186 │   config_text = config_path.read_text(encoding="utf-8")              │
│ ❱ 187 │   config_text = _parse_env_variables(config_text)                    │
│   188 │   config_data = _parse(config_extension, config_text)                │
│   189 │   if cli_overrides:                                                  │
│   190 │   │   _apply_overrides(config_data, cli_overrides)                   │
│                                                                              │
│ ╭───────────────────────────────── locals ─────────────────────────────────╮ │
│ │    cli_overrides = {}                                                    │ │
│ │ config_extension = '.yaml'                                               │ │
│ │  config_filepath = None                                                  │ │
│ │      config_path = PosixPath('/home/hoang-mai/Desktop/ChatbotMobileStor… │ │
│ │      config_text = 'models:\n  default_chat_model:\n    type: chat\n     │ │
│ │                    auth_type: api_key\n    api_key:'+2465                │ │
│ │             root = PosixPath('/home/hoang-mai/Desktop/ChatbotMobileStor… │ │
│ │         root_dir = PosixPath('/home/hoang-mai/Desktop/ChatbotMobileStor… │ │
│ ╰──────────────────────────────────────────────────────────────────────────╯ │
│                                                                              │
│ /home/hoang-mai/Desktop/ChatbotMobileStore/venv/lib/python3.12/site-packages │
│ /graphrag/config/load_config.py:67 in _parse_env_variables                   │
│                                                                              │
│    64 │   KeyError                                                           │
│    65 │   │   If an environment variable is not found.                       │
│    66 │   """                                                                │
│ ❱  67 │   return Template(text).substitute(os.environ)                       │
│    68                                                                        │
│    69                                                                        │
│    70 def _load_dotenv(config_path: Path | str) -> None:                     │
│                                                                              │
│ ╭───────────────────────────────── locals ─────────────────────────────────╮ │
│ │ text = 'models:\n  default_chat_model:\n    type: chat\n    auth_type:   │ │
│ │        api_key\n    api_key:'+2465                                       │ │
│ ╰──────────────────────────────────────────────────────────────────────────╯ │
│                                                                              │
│ /usr/lib/python3.12/string.py:121 in substitute                              │
│                                                                              │
│   118 │   │   │   │   self._invalid(mo)                                      │
│   119 │   │   │   raise ValueError('Unrecognized named group in pattern',    │
│   120 │   │   │   │   │   │   │    self.pattern)                             │
│ ❱ 121 │   │   return self.pattern.sub(convert, self.template)                │
│   122 │                                                                      │
│   123 │   def safe_substitute(self, mapping=_sentinel_dict, /, **kws):       │
│   124 │   │   if mapping is _sentinel_dict:                                  │
│                                                                              │
│ ╭───────────────────────────────── locals ─────────────────────────────────╮ │
│ │     kws = {}                                                             │ │
│ │ mapping = environ({                                                      │ │
│ │           │   'SHELL': '/bin/bash',                                      │ │
│ │           │   'SESSION_MANAGER':                                         │ │
│ │           'local/hoang-mai-Inspiron-3470:@/tmp/.ICE-unix/1761,unix/hoan… │ │
│ │           │   'QT_ACCESSIBILITY': '1',                                   │ │
│ │           │   'COLORTERM': 'truecolor',                                  │ │
│ │           │   'XDG_CONFIG_DIRS': '/etc/xdg/xdg-ubuntu-xorg:/etc/xdg',    │ │
│ │           │   'XDG_MENU_PREFIX': 'gnome-',                               │ │
│ │           │   'GNOME_DESKTOP_SESSION_ID': 'this-is-deprecated',          │ │
│ │           │   'GNOME_KEYRING_CONTROL': '/run/user/1000/keyring',         │ │
│ │           │   'LANGUAGE': 'vi:en',                                       │ │
│ │           │   'LC_ADDRESS': 'C.UTF-8',                                   │ │
│ │           │   ... +67                                                    │ │
│ │           })                                                             │ │
│ │    self = <string.Template object at 0x7a2142376ed0>                     │ │
│ ╰──────────────────────────────────────────────────────────────────────────╯ │
│                                                                              │
│ /usr/lib/python3.12/string.py:114 in convert                                 │
│                                                                              │
│   111 │   │   │   # Check the most common path first.                        │
│   112 │   │   │   named = mo.group('named') or mo.group('braced')            │
│   113 │   │   │   if named is not None:                                      │
│ ❱ 114 │   │   │   │   return str(mapping[named])                             │
│   115 │   │   │   if mo.group('escaped') is not None:                        │
│   116 │   │   │   │   return self.delimiter                                  │
│   117 │   │   │   if mo.group('invalid') is not None:                        │
│                                                                              │
│ ╭───────────────────────────────── locals ─────────────────────────────────╮ │
│ │ mapping = environ({                                                      │ │
│ │           │   'SHELL': '/bin/bash',                                      │ │
│ │           │   'SESSION_MANAGER':                                         │ │
│ │           'local/hoang-mai-Inspiron-3470:@/tmp/.ICE-unix/1761,unix/hoan… │ │
│ │           │   'QT_ACCESSIBILITY': '1',                                   │ │
│ │           │   'COLORTERM': 'truecolor',                                  │ │
│ │           │   'XDG_CONFIG_DIRS': '/etc/xdg/xdg-ubuntu-xorg:/etc/xdg',    │ │
│ │           │   'XDG_MENU_PREFIX': 'gnome-',                               │ │
│ │           │   'GNOME_DESKTOP_SESSION_ID': 'this-is-deprecated',          │ │
│ │           │   'GNOME_KEYRING_CONTROL': '/run/user/1000/keyring',         │ │
│ │           │   'LANGUAGE': 'vi:en',                                       │ │
│ │           │   'LC_ADDRESS': 'C.UTF-8',                                   │ │
│ │           │   ... +67                                                    │ │
│ │           })                                                             │ │
│ │      mo = <re.Match object; span=(81, 98), match='${GEMINI_API_KEY}'>    │ │
│ │   named = 'GEMINI_API_KEY'                                               │ │
│ │    self = <string.Template object at 0x7a2142376ed0>                     │ │
│ ╰──────────────────────────────────────────────────────────────────────────╯ │
│ in __getitem__:685                                                           │
│ ╭───────────────────────────────── locals ─────────────────────────────────╮ │
│ │  key = 'GEMINI_API_KEY'                                                  │ │
│ │ self = environ({                                                         │ │
│ │        │   'SHELL': '/bin/bash',                                         │ │
│ │        │   'SESSION_MANAGER':                                            │ │
│ │        'local/hoang-mai-Inspiron-3470:@/tmp/.ICE-unix/1761,unix/hoang-m… │ │
│ │        │   'QT_ACCESSIBILITY': '1',                                      │ │
│ │        │   'COLORTERM': 'truecolor',                                     │ │
│ │        │   'XDG_CONFIG_DIRS': '/etc/xdg/xdg-ubuntu-xorg:/etc/xdg',       │ │
│ │        │   'XDG_MENU_PREFIX': 'gnome-',                                  │ │
│ │        │   'GNOME_DESKTOP_SESSION_ID': 'this-is-deprecated',             │ │
│ │        │   'GNOME_KEYRING_CONTROL': '/run/user/1000/keyring',            │ │
│ │        │   'LANGUAGE': 'vi:en',                                          │ │
│ │        │   'LC_ADDRESS': 'C.UTF-8',                                      │ │
│ │        │   ... +67                                                       │ │
│ │        })                                                                │ │
│ ╰──────────────────────────────────────────────────────────────────────────╯ │
╰──────────────────────────────────────────────────────────────────────────────╯
KeyError: 'GEMINI_API_KEY'


==== graphrag index FAILED ====
Command: /home/hoang-mai/Desktop/ChatbotMobileStore/venv/bin/python3 -X utf8 -m graphrag index --root data/graphrag/t_869e4ec5_3f10_4dad_9fa9_5dbff4d83bc3 --method fast
Return code: 1
STDOUT:

STDERR:
╭───────────────────── Traceback (most recent call last) ──────────────────────╮
│ /home/hoang-mai/Desktop/ChatbotMobileStore/venv/lib/python3.12/site-packages │
│ /graphrag/cli/main.py:193 in _index_cli                                      │
│                                                                              │
│   190 │   """Build a knowledge graph index."""                               │
│   191 │   from graphrag.cli.index import index_cli                           │
│   192 │                                                                      │
│ ❱ 193 │   index_cli(                                                         │
│   194 │   │   root_dir=root,                                                 │
│   195 │   │   verbose=verbose,                                               │
│   196 │   │   memprofile=memprofile,                                         │
│                                                                              │
│ ╭───────────────────────────────── locals ─────────────────────────────────╮ │
│ │           cache = True                                                   │ │
│ │          config = None                                                   │ │
│ │         dry_run = False                                                  │ │
│ │      memprofile = False                                                  │ │
│ │          method = <IndexingMethod.Fast: 'fast'>                          │ │
│ │          output = None                                                   │ │
│ │            root = PosixPath('/home/hoang-mai/Desktop/ChatbotMobileStore… │ │
│ │ skip_validation = False                                                  │ │
│ │         verbose = False                                                  │ │
│ ╰──────────────────────────────────────────────────────────────────────────╯ │
│                                                                              │
│ /home/hoang-mai/Desktop/ChatbotMobileStore/venv/lib/python3.12/site-packages │
│ /graphrag/cli/index.py:59 in index_cli                                       │
│                                                                              │
│    56 │   │   cli_overrides["output.base_dir"] = str(output_dir)             │
│    57 │   │   cli_overrides["reporting.base_dir"] = str(output_dir)          │
│    58 │   │   cli_overrides["update_index_output.base_dir"] = str(output_dir │
│ ❱  59 │   config = load_config(root_dir, config_filepath, cli_overrides)     │
│    60 │   _run_index(                                                        │
│    61 │   │   config=config,                                                 │
│    62 │   │   method=method,                                                 │
│                                                                              │
│ ╭───────────────────────────────── locals ─────────────────────────────────╮ │
│ │           cache = True                                                   │ │
│ │   cli_overrides = {}                                                     │ │
│ │ config_filepath = None                                                   │ │
│ │         dry_run = False                                                  │ │
│ │      memprofile = False                                                  │ │
│ │          method = <IndexingMethod.Fast: 'fast'>                          │ │
│ │      output_dir = None                                                   │ │
│ │        root_dir = PosixPath('/home/hoang-mai/Desktop/ChatbotMobileStore… │ │
│ │ skip_validation = False                                                  │ │
│ │         verbose = False                                                  │ │
│ ╰──────────────────────────────────────────────────────────────────────────╯ │
│                                                                              │
│ /home/hoang-mai/Desktop/ChatbotMobileStore/venv/lib/python3.12/site-packages │
│ /graphrag/config/load_config.py:187 in load_config                           │
│                                                                              │
│   184 │   _load_dotenv(config_path)                                          │
│   185 │   config_extension = config_path.suffix                              │
│   186 │   config_text = config_path.read_text(encoding="utf-8")              │
│ ❱ 187 │   config_text = _parse_env_variables(config_text)                    │
│   188 │   config_data = _parse(config_extension, config_text)                │
│   189 │   if cli_overrides:                                                  │
│   190 │   │   _apply_overrides(config_data, cli_overrides)                   │
│                                                                              │
│ ╭───────────────────────────────── locals ─────────────────────────────────╮ │
│ │    cli_overrides = {}                                                    │ │
│ │ config_extension = '.yaml'                                               │ │
│ │  config_filepath = None                                                  │ │
│ │      config_path = PosixPath('/home/hoang-mai/Desktop/ChatbotMobileStor… │ │
│ │      config_text = 'models:\n  default_chat_model:\n    type: chat\n     │ │
│ │                    auth_type: api_key\n    api_key:'+2465                │ │
│ │             root = PosixPath('/home/hoang-mai/Desktop/ChatbotMobileStor… │ │
│ │         root_dir = PosixPath('/home/hoang-mai/Desktop/ChatbotMobileStor… │ │
│ ╰──────────────────────────────────────────────────────────────────────────╯ │
│                                                                              │
│ /home/hoang-mai/Desktop/ChatbotMobileStore/venv/lib/python3.12/site-packages │
│ /graphrag/config/load_config.py:67 in _parse_env_variables                   │
│                                                                              │
│    64 │   KeyError                                                           │
│    65 │   │   If an environment variable is not found.                       │
│    66 │   """                                                                │
│ ❱  67 │   return Template(text).substitute(os.environ)                       │
│    68                                                                        │
│    69                                                                        │
│    70 def _load_dotenv(config_path: Path | str) -> None:                     │
│                                                                              │
│ ╭───────────────────────────────── locals ─────────────────────────────────╮ │
│ │ text = 'models:\n  default_chat_model:\n    type: chat\n    auth_type:   │ │
│ │        api_key\n    api_key:'+2465                                       │ │
│ ╰──────────────────────────────────────────────────────────────────────────╯ │
│                                                                              │
│ /usr/lib/python3.12/string.py:121 in substitute                              │
│                                                                              │
│   118 │   │   │   │   self._invalid(mo)                                      │
│   119 │   │   │   raise ValueError('Unrecognized named group in pattern',    │
│   120 │   │   │   │   │   │   │    self.pattern)                             │
│ ❱ 121 │   │   return self.pattern.sub(convert, self.template)                │
│   122 │                                                                      │
│   123 │   def safe_substitute(self, mapping=_sentinel_dict, /, **kws):       │
│   124 │   │   if mapping is _sentinel_dict:                                  │
│                                                                              │
│ ╭───────────────────────────────── locals ─────────────────────────────────╮ │
│ │     kws = {}                                                             │ │
│ │ mapping = environ({                                                      │ │
│ │           │   'SHELL': '/bin/bash',                                      │ │
│ │           │   'SESSION_MANAGER':                                         │ │
│ │           'local/hoang-mai-Inspiron-3470:@/tmp/.ICE-unix/1761,unix/hoan… │ │
│ │           │   'QT_ACCESSIBILITY': '1',                                   │ │
│ │           │   'COLORTERM': 'truecolor',                                  │ │
│ │           │   'XDG_CONFIG_DIRS': '/etc/xdg/xdg-ubuntu-xorg:/etc/xdg',    │ │
│ │           │   'XDG_MENU_PREFIX': 'gnome-',                               │ │
│ │           │   'GNOME_DESKTOP_SESSION_ID': 'this-is-deprecated',          │ │
│ │           │   'GNOME_KEYRING_CONTROL': '/run/user/1000/keyring',         │ │
│ │           │   'LANGUAGE': 'vi:en',                                       │ │
│ │           │   'LC_ADDRESS': 'C.UTF-8',                                   │ │
│ │           │   ... +67                                                    │ │
│ │           })                                                             │ │
│ │    self = <string.Template object at 0x74c1518dd4f0>                     │ │
│ ╰──────────────────────────────────────────────────────────────────────────╯ │
│                                                                              │
│ /usr/lib/python3.12/string.py:114 in convert                                 │
│                                                                              │
│   111 │   │   │   # Check the most common path first.                        │
│   112 │   │   │   named = mo.group('named') or mo.group('braced')            │
│   113 │   │   │   if named is not None:                                      │
│ ❱ 114 │   │   │   │   return str(mapping[named])                             │
│   115 │   │   │   if mo.group('escaped') is not None:                        │
│   116 │   │   │   │   return self.delimiter                                  │
│   117 │   │   │   if mo.group('invalid') is not None:                        │
│                                                                              │
│ ╭───────────────────────────────── locals ─────────────────────────────────╮ │
│ │ mapping = environ({                                                      │ │
│ │           │   'SHELL': '/bin/bash',                                      │ │
│ │           │   'SESSION_MANAGER':                                         │ │
│ │           'local/hoang-mai-Inspiron-3470:@/tmp/.ICE-unix/1761,unix/hoan… │ │
│ │           │   'QT_ACCESSIBILITY': '1',                                   │ │
│ │           │   'COLORTERM': 'truecolor',                                  │ │
│ │           │   'XDG_CONFIG_DIRS': '/etc/xdg/xdg-ubuntu-xorg:/etc/xdg',    │ │
│ │           │   'XDG_MENU_PREFIX': 'gnome-',                               │ │
│ │           │   'GNOME_DESKTOP_SESSION_ID': 'this-is-deprecated',          │ │
│ │           │   'GNOME_KEYRING_CONTROL': '/run/user/1000/keyring',         │ │
│ │           │   'LANGUAGE': 'vi:en',                                       │ │
│ │           │   'LC_ADDRESS': 'C.UTF-8',                                   │ │
│ │           │   ... +67                                                    │ │
│ │           })                                                             │ │
│ │      mo = <re.Match object; span=(81, 98), match='${GEMINI_API_KEY}'>    │ │
│ │   named = 'GEMINI_API_KEY'                                               │ │
│ │    self = <string.Template object at 0x74c1518dd4f0>                     │ │
│ ╰──────────────────────────────────────────────────────────────────────────╯ │
│ in __getitem__:685                                                           │
│ ╭───────────────────────────────── locals ─────────────────────────────────╮ │
│ │  key = 'GEMINI_API_KEY'                                                  │ │
│ │ self = environ({                                                         │ │
│ │        │   'SHELL': '/bin/bash',                                         │ │
│ │        │   'SESSION_MANAGER':                                            │ │
│ │        'local/hoang-mai-Inspiron-3470:@/tmp/.ICE-unix/1761,unix/hoang-m… │ │
│ │        │   'QT_ACCESSIBILITY': '1',                                      │ │
│ │        │   'COLORTERM': 'truecolor',                                     │ │
│ │        │   'XDG_CONFIG_DIRS': '/etc/xdg/xdg-ubuntu-xorg:/etc/xdg',       │ │
│ │        │   'XDG_MENU_PREFIX': 'gnome-',                                  │ │
│ │        │   'GNOME_DESKTOP_SESSION_ID': 'this-is-deprecated',             │ │
│ │        │   'GNOME_KEYRING_CONTROL': '/run/user/1000/keyring',            │ │
│ │        │   'LANGUAGE': 'vi:en',                                          │ │
│ │        │   'LC_ADDRESS': 'C.UTF-8',                                      │ │
│ │        │   ... +67                                                       │ │
│ │        })                                                                │ │
│ ╰──────────────────────────────────────────────────────────────────────────╯ │
╰──────────────────────────────────────────────────────────────────────────────╯
KeyError: 'GEMINI_API_KEY'


==== graphrag index FAILED ====
Command: /home/hoang-mai/Desktop/ChatbotMobileStore/venv/bin/python3 -X utf8 -m graphrag index --root data/graphrag/t_869e4ec5_3f10_4dad_9fa9_5dbff4d83bc3 --method fast
Return code: 1
STDOUT:

STDERR:
╭───────────────────── Traceback (most recent call last) ──────────────────────╮
│ /home/hoang-mai/Desktop/ChatbotMobileStore/venv/lib/python3.12/site-packages │
│ /graphrag/cli/main.py:193 in _index_cli                                      │
│                                                                              │
│   190 │   """Build a knowledge graph index."""                               │
│   191 │   from graphrag.cli.index import index_cli                           │
│   192 │                                                                      │
│ ❱ 193 │   index_cli(                                                         │
│   194 │   │   root_dir=root,                                                 │
│   195 │   │   verbose=verbose,                                               │
│   196 │   │   memprofile=memprofile,                                         │
│                                                                              │
│ ╭───────────────────────────────── locals ─────────────────────────────────╮ │
│ │           cache = True                                                   │ │
│ │          config = None                                                   │ │
│ │         dry_run = False                                                  │ │
│ │      memprofile = False                                                  │ │
│ │          method = <IndexingMethod.Fast: 'fast'>                          │ │
│ │          output = None                                                   │ │
│ │            root = PosixPath('/home/hoang-mai/Desktop/ChatbotMobileStore… │ │
│ │ skip_validation = False                                                  │ │
│ │         verbose = False                                                  │ │
│ ╰──────────────────────────────────────────────────────────────────────────╯ │
│                                                                              │
│ /home/hoang-mai/Desktop/ChatbotMobileStore/venv/lib/python3.12/site-packages │
│ /graphrag/cli/index.py:59 in index_cli                                       │
│                                                                              │
│    56 │   │   cli_overrides["output.base_dir"] = str(output_dir)             │
│    57 │   │   cli_overrides["reporting.base_dir"] = str(output_dir)          │
│    58 │   │   cli_overrides["update_index_output.base_dir"] = str(output_dir │
│ ❱  59 │   config = load_config(root_dir, config_filepath, cli_overrides)     │
│    60 │   _run_index(                                                        │
│    61 │   │   config=config,                                                 │
│    62 │   │   method=method,                                                 │
│                                                                              │
│ ╭───────────────────────────────── locals ─────────────────────────────────╮ │
│ │           cache = True                                                   │ │
│ │   cli_overrides = {}                                                     │ │
│ │ config_filepath = None                                                   │ │
│ │         dry_run = False                                                  │ │
│ │      memprofile = False                                                  │ │
│ │          method = <IndexingMethod.Fast: 'fast'>                          │ │
│ │      output_dir = None                                                   │ │
│ │        root_dir = PosixPath('/home/hoang-mai/Desktop/ChatbotMobileStore… │ │
│ │ skip_validation = False                                                  │ │
│ │         verbose = False                                                  │ │
│ ╰──────────────────────────────────────────────────────────────────────────╯ │
│                                                                              │
│ /home/hoang-mai/Desktop/ChatbotMobileStore/venv/lib/python3.12/site-packages │
│ /graphrag/config/load_config.py:187 in load_config                           │
│                                                                              │
│   184 │   _load_dotenv(config_path)                                          │
│   185 │   config_extension = config_path.suffix                              │
│   186 │   config_text = config_path.read_text(encoding="utf-8")              │
│ ❱ 187 │   config_text = _parse_env_variables(config_text)                    │
│   188 │   config_data = _parse(config_extension, config_text)                │
│   189 │   if cli_overrides:                                                  │
│   190 │   │   _apply_overrides(config_data, cli_overrides)                   │
│                                                                              │
│ ╭───────────────────────────────── locals ─────────────────────────────────╮ │
│ │    cli_overrides = {}                                                    │ │
│ │ config_extension = '.yaml'                                               │ │
│ │  config_filepath = None                                                  │ │
│ │      config_path = PosixPath('/home/hoang-mai/Desktop/ChatbotMobileStor… │ │
│ │      config_text = 'models:\n  default_chat_model:\n    type: chat\n     │ │
│ │                    auth_type: api_key\n    api_key:'+2465                │ │
│ │             root = PosixPath('/home/hoang-mai/Desktop/ChatbotMobileStor… │ │
│ │         root_dir = PosixPath('/home/hoang-mai/Desktop/ChatbotMobileStor… │ │
│ ╰──────────────────────────────────────────────────────────────────────────╯ │
│                                                                              │
│ /home/hoang-mai/Desktop/ChatbotMobileStore/venv/lib/python3.12/site-packages │
│ /graphrag/config/load_config.py:67 in _parse_env_variables                   │
│                                                                              │
│    64 │   KeyError                                                           │
│    65 │   │   If an environment variable is not found.                       │
│    66 │   """                                                                │
│ ❱  67 │   return Template(text).substitute(os.environ)                       │
│    68                                                                        │
│    69                                                                        │
│    70 def _load_dotenv(config_path: Path | str) -> None:                     │
│                                                                              │
│ ╭───────────────────────────────── locals ─────────────────────────────────╮ │
│ │ text = 'models:\n  default_chat_model:\n    type: chat\n    auth_type:   │ │
│ │        api_key\n    api_key:'+2465                                       │ │
│ ╰──────────────────────────────────────────────────────────────────────────╯ │
│                                                                              │
│ /usr/lib/python3.12/string.py:121 in substitute                              │
│                                                                              │
│   118 │   │   │   │   self._invalid(mo)                                      │
│   119 │   │   │   raise ValueError('Unrecognized named group in pattern',    │
│   120 │   │   │   │   │   │   │    self.pattern)                             │
│ ❱ 121 │   │   return self.pattern.sub(convert, self.template)                │
│   122 │                                                                      │
│   123 │   def safe_substitute(self, mapping=_sentinel_dict, /, **kws):       │
│   124 │   │   if mapping is _sentinel_dict:                                  │
│                                                                              │
│ ╭───────────────────────────────── locals ─────────────────────────────────╮ │
│ │     kws = {}                                                             │ │
│ │ mapping = environ({                                                      │ │
│ │           │   'SHELL': '/bin/bash',                                      │ │
│ │           │   'SESSION_MANAGER':                                         │ │
│ │           'local/hoang-mai-Inspiron-3470:@/tmp/.ICE-unix/1761,unix/hoan… │ │
│ │           │   'QT_ACCESSIBILITY': '1',                                   │ │
│ │           │   'COLORTERM': 'truecolor',                                  │ │
│ │           │   'XDG_CONFIG_DIRS': '/etc/xdg/xdg-ubuntu-xorg:/etc/xdg',    │ │
│ │           │   'XDG_MENU_PREFIX': 'gnome-',                               │ │
│ │           │   'GNOME_DESKTOP_SESSION_ID': 'this-is-deprecated',          │ │
│ │           │   'GNOME_KEYRING_CONTROL': '/run/user/1000/keyring',         │ │
│ │           │   'LANGUAGE': 'vi:en',                                       │ │
│ │           │   'LC_ADDRESS': 'C.UTF-8',                                   │ │
│ │           │   ... +67                                                    │ │
│ │           })                                                             │ │
│ │    self = <string.Template object at 0x78cb228a81a0>                     │ │
│ ╰──────────────────────────────────────────────────────────────────────────╯ │
│                                                                              │
│ /usr/lib/python3.12/string.py:114 in convert                                 │
│                                                                              │
│   111 │   │   │   # Check the most common path first.                        │
│   112 │   │   │   named = mo.group('named') or mo.group('braced')            │
│   113 │   │   │   if named is not None:                                      │
│ ❱ 114 │   │   │   │   return str(mapping[named])                             │
│   115 │   │   │   if mo.group('escaped') is not None:                        │
│   116 │   │   │   │   return self.delimiter                                  │
│   117 │   │   │   if mo.group('invalid') is not None:                        │
│                                                                              │
│ ╭───────────────────────────────── locals ─────────────────────────────────╮ │
│ │ mapping = environ({                                                      │ │
│ │           │   'SHELL': '/bin/bash',                                      │ │
│ │           │   'SESSION_MANAGER':                                         │ │
│ │           'local/hoang-mai-Inspiron-3470:@/tmp/.ICE-unix/1761,unix/hoan… │ │
│ │           │   'QT_ACCESSIBILITY': '1',                                   │ │
│ │           │   'COLORTERM': 'truecolor',                                  │ │
│ │           │   'XDG_CONFIG_DIRS': '/etc/xdg/xdg-ubuntu-xorg:/etc/xdg',    │ │
│ │           │   'XDG_MENU_PREFIX': 'gnome-',                               │ │
│ │           │   'GNOME_DESKTOP_SESSION_ID': 'this-is-deprecated',          │ │
│ │           │   'GNOME_KEYRING_CONTROL': '/run/user/1000/keyring',         │ │
│ │           │   'LANGUAGE': 'vi:en',                                       │ │
│ │           │   'LC_ADDRESS': 'C.UTF-8',                                   │ │
│ │           │   ... +67                                                    │ │
│ │           })                                                             │ │
│ │      mo = <re.Match object; span=(81, 98), match='${GEMINI_API_KEY}'>    │ │
│ │   named = 'GEMINI_API_KEY'                                               │ │
│ │    self = <string.Template object at 0x78cb228a81a0>                     │ │
│ ╰──────────────────────────────────────────────────────────────────────────╯ │
│ in __getitem__:685                                                           │
│ ╭───────────────────────────────── locals ─────────────────────────────────╮ │
│ │  key = 'GEMINI_API_KEY'                                                  │ │
│ │ self = environ({                                                         │ │
│ │        │   'SHELL': '/bin/bash',                                         │ │
│ │        │   'SESSION_MANAGER':                                            │ │
│ │        'local/hoang-mai-Inspiron-3470:@/tmp/.ICE-unix/1761,unix/hoang-m… │ │
│ │        │   'QT_ACCESSIBILITY': '1',                                      │ │
│ │        │   'COLORTERM': 'truecolor',                                     │ │
│ │        │   'XDG_CONFIG_DIRS': '/etc/xdg/xdg-ubuntu-xorg:/etc/xdg',       │ │
│ │        │   'XDG_MENU_PREFIX': 'gnome-',                                  │ │
│ │        │   'GNOME_DESKTOP_SESSION_ID': 'this-is-deprecated',             │ │
│ │        │   'GNOME_KEYRING_CONTROL': '/run/user/1000/keyring',            │ │
│ │        │   'LANGUAGE': 'vi:en',                                          │ │
│ │        │   'LC_ADDRESS': 'C.UTF-8',                                      │ │
│ │        │   ... +67                                                       │ │
│ │        })                                                                │ │
│ ╰──────────────────────────────────────────────────────────────────────────╯ │
╰──────────────────────────────────────────────────────────────────────────────╯
KeyError: 'GEMINI_API_KEY'


==== graphrag index FAILED ====
Command: /home/hoang-mai/Desktop/ChatbotMobileStore/venv/bin/python3 -X utf8 -m graphrag index --root data/graphrag/t_869e4ec5_3f10_4dad_9fa9_5dbff4d83bc3 --method fast
Return code: 1
STDOUT:

STDERR:
╭───────────────────── Traceback (most recent call last) ──────────────────────╮
│ /home/hoang-mai/Desktop/ChatbotMobileStore/venv/lib/python3.12/site-packages │
│ /graphrag/cli/main.py:193 in _index_cli                                      │
│                                                                              │
│   190 │   """Build a knowledge graph index."""                               │
│   191 │   from graphrag.cli.index import index_cli                           │
│   192 │                                                                      │
│ ❱ 193 │   index_cli(                                                         │
│   194 │   │   root_dir=root,                                                 │
│   195 │   │   verbose=verbose,                                               │
│   196 │   │   memprofile=memprofile,                                         │
│                                                                              │
│ ╭───────────────────────────────── locals ─────────────────────────────────╮ │
│ │           cache = True                                                   │ │
│ │          config = None                                                   │ │
│ │         dry_run = False                                                  │ │
│ │      memprofile = False                                                  │ │
│ │          method = <IndexingMethod.Fast: 'fast'>                          │ │
│ │          output = None                                                   │ │
│ │            root = PosixPath('/home/hoang-mai/Desktop/ChatbotMobileStore… │ │
│ │ skip_validation = False                                                  │ │
│ │         verbose = False                                                  │ │
│ ╰──────────────────────────────────────────────────────────────────────────╯ │
│                                                                              │
│ /home/hoang-mai/Desktop/ChatbotMobileStore/venv/lib/python3.12/site-packages │
│ /graphrag/cli/index.py:59 in index_cli                                       │
│                                                                              │
│    56 │   │   cli_overrides["output.base_dir"] = str(output_dir)             │
│    57 │   │   cli_overrides["reporting.base_dir"] = str(output_dir)          │
│    58 │   │   cli_overrides["update_index_output.base_dir"] = str(output_dir │
│ ❱  59 │   config = load_config(root_dir, config_filepath, cli_overrides)     │
│    60 │   _run_index(                                                        │
│    61 │   │   config=config,                                                 │
│    62 │   │   method=method,                                                 │
│                                                                              │
│ ╭───────────────────────────────── locals ─────────────────────────────────╮ │
│ │           cache = True                                                   │ │
│ │   cli_overrides = {}                                                     │ │
│ │ config_filepath = None                                                   │ │
│ │         dry_run = False                                                  │ │
│ │      memprofile = False                                                  │ │
│ │          method = <IndexingMethod.Fast: 'fast'>                          │ │
│ │      output_dir = None                                                   │ │
│ │        root_dir = PosixPath('/home/hoang-mai/Desktop/ChatbotMobileStore… │ │
│ │ skip_validation = False                                                  │ │
│ │         verbose = False                                                  │ │
│ ╰──────────────────────────────────────────────────────────────────────────╯ │
│                                                                              │
│ /home/hoang-mai/Desktop/ChatbotMobileStore/venv/lib/python3.12/site-packages │
│ /graphrag/config/load_config.py:187 in load_config                           │
│                                                                              │
│   184 │   _load_dotenv(config_path)                                          │
│   185 │   config_extension = config_path.suffix                              │
│   186 │   config_text = config_path.read_text(encoding="utf-8")              │
│ ❱ 187 │   config_text = _parse_env_variables(config_text)                    │
│   188 │   config_data = _parse(config_extension, config_text)                │
│   189 │   if cli_overrides:                                                  │
│   190 │   │   _apply_overrides(config_data, cli_overrides)                   │
│                                                                              │
│ ╭───────────────────────────────── locals ─────────────────────────────────╮ │
│ │    cli_overrides = {}                                                    │ │
│ │ config_extension = '.yaml'                                               │ │
│ │  config_filepath = None                                                  │ │
│ │      config_path = PosixPath('/home/hoang-mai/Desktop/ChatbotMobileStor… │ │
│ │      config_text = 'models:\n  default_chat_model:\n    type: chat\n     │ │
│ │                    auth_type: api_key\n    api_key:'+2465                │ │
│ │             root = PosixPath('/home/hoang-mai/Desktop/ChatbotMobileStor… │ │
│ │         root_dir = PosixPath('/home/hoang-mai/Desktop/ChatbotMobileStor… │ │
│ ╰──────────────────────────────────────────────────────────────────────────╯ │
│                                                                              │
│ /home/hoang-mai/Desktop/ChatbotMobileStore/venv/lib/python3.12/site-packages │
│ /graphrag/config/load_config.py:67 in _parse_env_variables                   │
│                                                                              │
│    64 │   KeyError                                                           │
│    65 │   │   If an environment variable is not found.                       │
│    66 │   """                                                                │
│ ❱  67 │   return Template(text).substitute(os.environ)                       │
│    68                                                                        │
│    69                                                                        │
│    70 def _load_dotenv(config_path: Path | str) -> None:                     │
│                                                                              │
│ ╭───────────────────────────────── locals ─────────────────────────────────╮ │
│ │ text = 'models:\n  default_chat_model:\n    type: chat\n    auth_type:   │ │
│ │        api_key\n    api_key:'+2465                                       │ │
│ ╰──────────────────────────────────────────────────────────────────────────╯ │
│                                                                              │
│ /usr/lib/python3.12/string.py:121 in substitute                              │
│                                                                              │
│   118 │   │   │   │   self._invalid(mo)                                      │
│   119 │   │   │   raise ValueError('Unrecognized named group in pattern',    │
│   120 │   │   │   │   │   │   │    self.pattern)                             │
│ ❱ 121 │   │   return self.pattern.sub(convert, self.template)                │
│   122 │                                                                      │
│   123 │   def safe_substitute(self, mapping=_sentinel_dict, /, **kws):       │
│   124 │   │   if mapping is _sentinel_dict:                                  │
│                                                                              │
│ ╭───────────────────────────────── locals ─────────────────────────────────╮ │
│ │     kws = {}                                                             │ │
│ │ mapping = environ({                                                      │ │
│ │           │   'SHELL': '/bin/bash',                                      │ │
│ │           │   'SESSION_MANAGER':                                         │ │
│ │           'local/hoang-mai-Inspiron-3470:@/tmp/.ICE-unix/1761,unix/hoan… │ │
│ │           │   'QT_ACCESSIBILITY': '1',                                   │ │
│ │           │   'COLORTERM': 'truecolor',                                  │ │
│ │           │   'XDG_CONFIG_DIRS': '/etc/xdg/xdg-ubuntu-xorg:/etc/xdg',    │ │
│ │           │   'XDG_MENU_PREFIX': 'gnome-',                               │ │
│ │           │   'GNOME_DESKTOP_SESSION_ID': 'this-is-deprecated',          │ │
│ │           │   'GNOME_KEYRING_CONTROL': '/run/user/1000/keyring',         │ │
│ │           │   'LANGUAGE': 'vi:en',                                       │ │
│ │           │   'LC_ADDRESS': 'C.UTF-8',                                   │ │
│ │           │   ... +67                                                    │ │
│ │           })                                                             │ │
│ │    self = <string.Template object at 0x7bd7beaf3470>                     │ │
│ ╰──────────────────────────────────────────────────────────────────────────╯ │
│                                                                              │
│ /usr/lib/python3.12/string.py:114 in convert                                 │
│                                                                              │
│   111 │   │   │   # Check the most common path first.                        │
│   112 │   │   │   named = mo.group('named') or mo.group('braced')            │
│   113 │   │   │   if named is not None:                                      │
│ ❱ 114 │   │   │   │   return str(mapping[named])                             │
│   115 │   │   │   if mo.group('escaped') is not None:                        │
│   116 │   │   │   │   return self.delimiter                                  │
│   117 │   │   │   if mo.group('invalid') is not None:                        │
│                                                                              │
│ ╭───────────────────────────────── locals ─────────────────────────────────╮ │
│ │ mapping = environ({                                                      │ │
│ │           │   'SHELL': '/bin/bash',                                      │ │
│ │           │   'SESSION_MANAGER':                                         │ │
│ │           'local/hoang-mai-Inspiron-3470:@/tmp/.ICE-unix/1761,unix/hoan… │ │
│ │           │   'QT_ACCESSIBILITY': '1',                                   │ │
│ │           │   'COLORTERM': 'truecolor',                                  │ │
│ │           │   'XDG_CONFIG_DIRS': '/etc/xdg/xdg-ubuntu-xorg:/etc/xdg',    │ │
│ │           │   'XDG_MENU_PREFIX': 'gnome-',                               │ │
│ │           │   'GNOME_DESKTOP_SESSION_ID': 'this-is-deprecated',          │ │
│ │           │   'GNOME_KEYRING_CONTROL': '/run/user/1000/keyring',         │ │
│ │           │   'LANGUAGE': 'vi:en',                                       │ │
│ │           │   'LC_ADDRESS': 'C.UTF-8',                                   │ │
│ │           │   ... +67                                                    │ │
│ │           })                                                             │ │
│ │      mo = <re.Match object; span=(81, 98), match='${GEMINI_API_KEY}'>    │ │
│ │   named = 'GEMINI_API_KEY'                                               │ │
│ │    self = <string.Template object at 0x7bd7beaf3470>                     │ │
│ ╰──────────────────────────────────────────────────────────────────────────╯ │
│ in __getitem__:685                                                           │
│ ╭───────────────────────────────── locals ─────────────────────────────────╮ │
│ │  key = 'GEMINI_API_KEY'                                                  │ │
│ │ self = environ({                                                         │ │
│ │        │   'SHELL': '/bin/bash',                                         │ │
│ │        │   'SESSION_MANAGER':                                            │ │
│ │        'local/hoang-mai-Inspiron-3470:@/tmp/.ICE-unix/1761,unix/hoang-m… │ │
│ │        │   'QT_ACCESSIBILITY': '1',                                      │ │
│ │        │   'COLORTERM': 'truecolor',                                     │ │
│ │        │   'XDG_CONFIG_DIRS': '/etc/xdg/xdg-ubuntu-xorg:/etc/xdg',       │ │
│ │        │   'XDG_MENU_PREFIX': 'gnome-',                                  │ │
│ │        │   'GNOME_DESKTOP_SESSION_ID': 'this-is-deprecated',             │ │
│ │        │   'GNOME_KEYRING_CONTROL': '/run/user/1000/keyring',            │ │
│ │        │   'LANGUAGE': 'vi:en',                                          │ │
│ │        │   'LC_ADDRESS': 'C.UTF-8',                                      │ │
│ │        │   ... +67                                                       │ │
│ │        })                                                                │ │
│ ╰──────────────────────────────────────────────────────────────────────────╯ │
╰──────────────────────────────────────────────────────────────────────────────╯
KeyError: 'GEMINI_API_KEY'

